http://www.meetup.com/cities/nl/%27s-gravendeel/;'s-Gravendeel;%27s-gravendeel
http://www.meetup.com/cities/nl/%27s-gravenzande/;'s-Gravenzande;%27s-gravenzande
http://www.meetup.com/cities/nl/%27s-hertogenbosch/;'s-Hertogenbosch;%27s-hertogenbosch
http://www.meetup.com/cities/nl/aa_en_hunze/;Aa en Hunze;aa_en_hunze
http://www.meetup.com/cities/nl/aalburg/;Aalburg;aalburg
http://www.meetup.com/cities/nl/aalsmeer/;Aalsmeer;aalsmeer
http://www.meetup.com/cities/nl/aalten/;Aalten;aalten
http://www.meetup.com/cities/nl/achtkarspelen/;Achtkarspelen;achtkarspelen
http://www.meetup.com/cities/nl/alblasserdam/;Alblasserdam;alblasserdam
http://www.meetup.com/cities/nl/alkmaar/;Alkmaar;alkmaar
http://www.meetup.com/cities/nl/almelo/;Almelo;almelo
http://www.meetup.com/cities/nl/almere/;Almere;almere
http://www.meetup.com/cities/nl/alphen/;Alphen;alphen
http://www.meetup.com/cities/nl/ambt_montfort/;Ambt Montfort;ambt_montfort
http://www.meetup.com/cities/nl/amersfoort/;Amersfoort;amersfoort
http://www.meetup.com/cities/nl/amstelveen/;Amstelveen;amstelveen
http://www.meetup.com/cities/nl/amsterdam/;Amsterdam;amsterdam
http://www.meetup.com/cities/nl/anna_paulowna/;Anna Paulowna;anna_paulowna
http://www.meetup.com/cities/nl/apeldoorn/;Apeldoorn;apeldoorn
http://www.meetup.com/cities/nl/appingedam/;Appingedam;appingedam
http://www.meetup.com/cities/nl/arcen_en_velden/;Arcen en Velden;arcen_en_velden
http://www.meetup.com/cities/nl/arnhem/;Arnhem;arnhem
http://www.meetup.com/cities/nl/assen/;Assen;assen
http://www.meetup.com/cities/nl/asten/;Asten;asten
http://www.meetup.com/cities/nl/axel/;Axel;axel
http://www.meetup.com/cities/nl/baarn/;Baarn;baarn
http://www.meetup.com/cities/nl/barendrecht/;Barendrecht;barendrecht
http://www.meetup.com/cities/nl/barneveld/;Barneveld;barneveld
http://www.meetup.com/cities/nl/bedum/;Bedum;bedum
http://www.meetup.com/cities/nl/beesel/;Beesel;beesel
http://www.meetup.com/cities/nl/bemmel/;Bemmel;bemmel
http://www.meetup.com/cities/nl/bergeijk/;Bergeijk;bergeijk
http://www.meetup.com/cities/nl/bergen/;Bergen;bergen
http://www.meetup.com/cities/nl/bergen_op_zoom/;Bergen op Zoom;bergen_op_zoom
http://www.meetup.com/cities/nl/bergschenhoek/;Bergschenhoek;bergschenhoek
http://www.meetup.com/cities/nl/berkel_en_rodenrijs/;Berkel en Rodenrijs;berkel_en_rodenrijs
http://www.meetup.com/cities/nl/bernheze/;Bernheze;bernheze
http://www.meetup.com/cities/nl/bernisse/;Bernisse;bernisse
http://www.meetup.com/cities/nl/best/;Best;best
http://www.meetup.com/cities/nl/beuningen/;Beuningen;beuningen
http://www.meetup.com/cities/nl/beverwijk/;Beverwijk;beverwijk
http://www.meetup.com/cities/nl/bladel/;Bladel;bladel
http://www.meetup.com/cities/nl/blaricum/;Blaricum;blaricum
http://www.meetup.com/cities/nl/bleiswijk/;Bleiswijk;bleiswijk
http://www.meetup.com/cities/nl/bloemendaal/;Bloemendaal;bloemendaal
http://www.meetup.com/cities/nl/bodegraven/;Bodegraven;bodegraven
http://www.meetup.com/cities/nl/borculo/;Borculo;borculo
http://www.meetup.com/cities/nl/borger-odoorn/;Borger-Odoorn;borger-odoorn
http://www.meetup.com/cities/nl/borne/;Borne;borne
http://www.meetup.com/cities/nl/borsele/;Borsele;borsele
http://www.meetup.com/cities/nl/boskoop/;Boskoop;boskoop
http://www.meetup.com/cities/nl/bour/;Bour;bour
http://www.meetup.com/cities/nl/boxmeer/;Boxmeer;boxmeer
http://www.meetup.com/cities/nl/boxtel/;Boxtel;boxtel
http://www.meetup.com/cities/nl/breda/;Breda;breda
http://www.meetup.com/cities/nl/breukelen/;Breukelen;breukelen
http://www.meetup.com/cities/nl/brielle/;Brielle;brielle
http://www.meetup.com/cities/nl/brummen/;Brummen;brummen
http://www.meetup.com/cities/nl/brunssum/;Brunssum;brunssum
http://www.meetup.com/cities/nl/bunnik/;Bunnik;bunnik
http://www.meetup.com/cities/nl/bunschoten/;Bunschoten;bunschoten
http://www.meetup.com/cities/nl/buren/;Buren;buren
http://www.meetup.com/cities/nl/bussum/;Bussum;bussum
http://www.meetup.com/cities/nl/capelle/;Capelle;capelle
http://www.meetup.com/cities/nl/castricum/;Castricum;castricum
http://www.meetup.com/cities/nl/coevorden/;Coevorden;coevorden
http://www.meetup.com/cities/nl/cranendonck/;Cranendonck;cranendonck
http://www.meetup.com/cities/nl/cuijk/;Cuijk;cuijk
http://www.meetup.com/cities/nl/culemborg/;Culemborg;culemborg
http://www.meetup.com/cities/nl/dalfsen/;Dalfsen;dalfsen
http://www.meetup.com/cities/nl/dantumadeel/;Dantumadeel;dantumadeel
http://www.meetup.com/cities/nl/de_bilt/;De Bilt;de_bilt
http://www.meetup.com/cities/nl/delft/;Delft;delft
http://www.meetup.com/cities/nl/delfzijl/;Delfzijl;delfzijl
http://www.meetup.com/cities/nl/de_lier/;De Lier;de_lier
http://www.meetup.com/cities/nl/de_marne/;De Marne;de_marne
http://www.meetup.com/cities/nl/denekamp/;Denekamp;denekamp
http://www.meetup.com/cities/nl/den_haag/;Den Haag;den_haag
http://www.meetup.com/cities/nl/den_helder/;Den Helder;den_helder
http://www.meetup.com/cities/nl/de_ronde_venen/;De Ronde Venen;de_ronde_venen
http://www.meetup.com/cities/nl/deurne/;Deurne;deurne
http://www.meetup.com/cities/nl/deventer/;Deventer;deventer
http://www.meetup.com/cities/nl/de_wolden/;De Wolden;de_wolden
http://www.meetup.com/cities/nl/didam/;Didam;didam
http://www.meetup.com/cities/nl/diemen/;Diemen;diemen
http://www.meetup.com/cities/nl/doesburg/;Doesburg;doesburg
http://www.meetup.com/cities/nl/doetinchem/;Doetinchem;doetinchem
http://www.meetup.com/cities/nl/dongen/;Dongen;dongen
http://www.meetup.com/cities/nl/dongeradeel/;Dongeradeel;dongeradeel
http://www.meetup.com/cities/nl/doorn/;Doorn;doorn
http://www.meetup.com/cities/nl/dordrecht/;Dordrecht;dordrecht
http://www.meetup.com/cities/nl/driebergen-rijsenburg/;Driebergen-Rijsenburg;driebergen-rijsenburg
http://www.meetup.com/cities/nl/drimmelen/;Drimmelen;drimmelen
http://www.meetup.com/cities/nl/dronten/;Dronten;dronten
http://www.meetup.com/cities/nl/druten/;Druten;druten
http://www.meetup.com/cities/nl/duiven/;Duiven;duiven
http://www.meetup.com/cities/nl/echt/;Echt;echt
http://www.meetup.com/cities/nl/edam-volendam/;Edam-Volendam;edam-volendam
http://www.meetup.com/cities/nl/ede/;Ede;ede
http://www.meetup.com/cities/nl/eemsmond/;Eemsmond;eemsmond
http://www.meetup.com/cities/nl/eersel/;Eersel;eersel
http://www.meetup.com/cities/nl/eibergen/;Eibergen;eibergen
http://www.meetup.com/cities/nl/eijsden/;Eijsden;eijsden
http://www.meetup.com/cities/nl/eindhoven/;Eindhoven;eindhoven
http://www.meetup.com/cities/nl/elburg/;Elburg;elburg
http://www.meetup.com/cities/nl/elista/;Elista;elista
http://www.meetup.com/cities/nl/emmen/;Emmen;emmen
http://www.meetup.com/cities/nl/enkhuizen/;Enkhuizen;enkhuizen
http://www.meetup.com/cities/nl/enschede/;Enschede;enschede
http://www.meetup.com/cities/nl/epe/;Epe;epe
http://www.meetup.com/cities/nl/ermelo/;Ermelo;ermelo
http://www.meetup.com/cities/nl/esch-alzette/;Esch-Alzette;esch-alzette
http://www.meetup.com/cities/nl/etten-leur/;Etten-Leur;etten-leur
http://www.meetup.com/cities/nl/franekeradeel/;Franekeradeel;franekeradeel
http://www.meetup.com/cities/nl/geertruidenberg/;Geertruidenberg;geertruidenberg
http://www.meetup.com/cities/nl/geldermalsen/;Geldermalsen;geldermalsen
http://www.meetup.com/cities/nl/geldrop/;Geldrop;geldrop
http://www.meetup.com/cities/nl/gemert-bakel/;Gemert-Bakel;gemert-bakel
http://www.meetup.com/cities/nl/gendringen/;Gendringen;gendringen
http://www.meetup.com/cities/nl/gennep/;Gennep;gennep
http://www.meetup.com/cities/nl/giessenlanden/;Giessenlanden;giessenlanden
http://www.meetup.com/cities/nl/gilze_en_rijen/;Gilze en Rijen;gilze_en_rijen
http://www.meetup.com/cities/nl/goedereede/;Goedereede;goedereede
http://www.meetup.com/cities/nl/goes/;Goes;goes
http://www.meetup.com/cities/nl/goirle/;Goirle;goirle
http://www.meetup.com/cities/nl/gorinchem/;Gorinchem;gorinchem
http://www.meetup.com/cities/nl/gorssel/;Gorssel;gorssel
http://www.meetup.com/cities/nl/gouda/;Gouda;gouda
http://www.meetup.com/cities/nl/groesbeek/;Groesbeek;groesbeek
http://www.meetup.com/cities/nl/groningen/;Groningen;groningen
http://www.meetup.com/cities/nl/grootegast/;Grootegast;grootegast
http://www.meetup.com/cities/nl/haaksbergen/;Haaksbergen;haaksbergen
http://www.meetup.com/cities/nl/haarlem/;Haarlem;haarlem
http://www.meetup.com/cities/nl/haarlemmermeer/;Haarlemmermeer;haarlemmermeer
http://www.meetup.com/cities/nl/haelen/;Haelen;haelen
http://www.meetup.com/cities/nl/halderberge/;Halderberge;halderberge
http://www.meetup.com/cities/nl/hardenberg/;Hardenberg;hardenberg
http://www.meetup.com/cities/nl/harderwijk/;Harderwijk;harderwijk
http://www.meetup.com/cities/nl/hardinxveld-giessendam/;Hardinxveld-Giessendam;hardinxveld-giessendam
http://www.meetup.com/cities/nl/haren/;Haren;haren
http://www.meetup.com/cities/nl/harenkarspel/;Harenkarspel;harenkarspel
http://www.meetup.com/cities/nl/harlingen/;Harlingen;harlingen
http://www.meetup.com/cities/nl/hattem/;Hattem;hattem
http://www.meetup.com/cities/nl/heemskerk/;Heemskerk;heemskerk
http://www.meetup.com/cities/nl/heemstede/;Heemstede;heemstede
http://www.meetup.com/cities/nl/heerde/;Heerde;heerde
http://www.meetup.com/cities/nl/heerenveen/;Heerenveen;heerenveen
http://www.meetup.com/cities/nl/heerhugowaard/;Heerhugowaard;heerhugowaard
http://www.meetup.com/cities/nl/heerlen/;Heerlen;heerlen
http://www.meetup.com/cities/nl/heeze-leende/;Heeze-Leende;heeze-leende
http://www.meetup.com/cities/nl/heiloo/;Heiloo;heiloo
http://www.meetup.com/cities/nl/helden/;Helden;helden
http://www.meetup.com/cities/nl/hellendoorn/;Hellendoorn;hellendoorn
http://www.meetup.com/cities/nl/hellevoetsluis/;Hellevoetsluis;hellevoetsluis
http://www.meetup.com/cities/nl/helmond/;Helmond;helmond
http://www.meetup.com/cities/nl/hendrik-ido-ambacht/;Hendrik-Ido-Ambacht;hendrik-ido-ambacht
http://www.meetup.com/cities/nl/hengelo/;Hengelo;hengelo
http://www.meetup.com/cities/nl/heusden/;Heusden;heusden
http://www.meetup.com/cities/nl/heythuysen/;Heythuysen;heythuysen
http://www.meetup.com/cities/nl/hillegom/;Hillegom;hillegom
http://www.meetup.com/cities/nl/hilvarenbeek/;Hilvarenbeek;hilvarenbeek
http://www.meetup.com/cities/nl/hilversum/;Hilversum;hilversum
http://www.meetup.com/cities/nl/hof_van_twente/;Hof van Twente;hof_van_twente
http://www.meetup.com/cities/nl/hoogeveen/;Hoogeveen;hoogeveen
http://www.meetup.com/cities/nl/hoogezand-sappemeer/;Hoogezand-Sappemeer;hoogezand-sappemeer
http://www.meetup.com/cities/nl/hoorn/;Hoorn;hoorn
http://www.meetup.com/cities/nl/horst/;Horst;horst
http://www.meetup.com/cities/nl/houten/;Houten;houten
http://www.meetup.com/cities/nl/huizen/;Huizen;huizen
http://www.meetup.com/cities/nl/hulst/;Hulst;hulst
http://www.meetup.com/cities/nl/ijsselstein/;IJsselstein;ijsselstein
http://www.meetup.com/cities/nl/jacobswoude/;Jacobswoude;jacobswoude
http://www.meetup.com/cities/nl/kamnik/;Kamnik;kamnik
http://www.meetup.com/cities/nl/kampen/;Kampen;kampen
http://www.meetup.com/cities/nl/kapelle/;Kapelle;kapelle
http://www.meetup.com/cities/nl/katwijk/;Katwijk;katwijk
http://www.meetup.com/cities/nl/kerkrade/;Kerkrade;kerkrade
http://www.meetup.com/cities/nl/kesteren/;Kesteren;kesteren
http://www.meetup.com/cities/nl/kollumerland/;Kollumerland;kollumerland
http://www.meetup.com/cities/nl/k%C3%B6then/;Köthen;k%C3%B6then
http://www.meetup.com/cities/nl/krimpen/;Krimpen;krimpen
http://www.meetup.com/cities/nl/laarbeek/;Laarbeek;laarbeek
http://www.meetup.com/cities/nl/landerd/;Landerd;landerd
http://www.meetup.com/cities/nl/landgraaf/;Landgraaf;landgraaf
http://www.meetup.com/cities/nl/landsmeer/;Landsmeer;landsmeer
http://www.meetup.com/cities/nl/langedijk/;Langedijk;langedijk
http://www.meetup.com/cities/nl/laren/;Laren;laren
http://www.meetup.com/cities/nl/leek/;Leek;leek
http://www.meetup.com/cities/nl/leerdam/;Leerdam;leerdam
http://www.meetup.com/cities/nl/leeuwarden/;Leeuwarden;leeuwarden
http://www.meetup.com/cities/nl/leiden/;Leiden;leiden
http://www.meetup.com/cities/nl/leiderdorp/;Leiderdorp;leiderdorp
http://www.meetup.com/cities/nl/leidschendam-voorburg/;Leidschendam-Voorburg;leidschendam-voorburg
http://www.meetup.com/cities/nl/lelystad/;Lelystad;lelystad
http://www.meetup.com/cities/nl/leusden/;Leusden;leusden
http://www.meetup.com/cities/nl/lichtenvoorde/;Lichtenvoorde;lichtenvoorde
http://www.meetup.com/cities/nl/liesveld/;Liesveld;liesveld
http://www.meetup.com/cities/nl/lisse/;Lisse;lisse
http://www.meetup.com/cities/nl/lochem/;Lochem;lochem
http://www.meetup.com/cities/nl/loon_op_zand/;Loon op Zand;loon_op_zand
http://www.meetup.com/cities/nl/lopik/;Lopik;lopik
http://www.meetup.com/cities/nl/loppersum/;Loppersum;loppersum
http://www.meetup.com/cities/nl/losser/;Losser;losser
http://www.meetup.com/cities/nl/maarsen/;Maarsen;maarsen
http://www.meetup.com/cities/nl/maasbracht/;Maasbracht;maasbracht
http://www.meetup.com/cities/nl/maasbree/;Maasbree;maasbree
http://www.meetup.com/cities/nl/maasdonk/;Maasdonk;maasdonk
http://www.meetup.com/cities/nl/maassluis/;Maassluis;maassluis
http://www.meetup.com/cities/nl/maastricht/;Maastricht;maastricht
http://www.meetup.com/cities/nl/margraten/;Margraten;margraten
http://www.meetup.com/cities/nl/meerssen/;Meerssen;meerssen
http://www.meetup.com/cities/nl/menaldumadeel/;Menaldumadeel;menaldumadeel
http://www.meetup.com/cities/nl/menterwolde/;Menterwolde;menterwolde
http://www.meetup.com/cities/nl/meppel/;Meppel;meppel
http://www.meetup.com/cities/nl/middelburg/;Middelburg;middelburg
http://www.meetup.com/cities/nl/middelharnis/;Middelharnis;middelharnis
http://www.meetup.com/cities/nl/midden-drenthe/;Midden-Drenthe;midden-drenthe
http://www.meetup.com/cities/nl/mierlo/;Mierlo;mierlo
http://www.meetup.com/cities/nl/mill_en_sint_hubert/;Mill en Sint Hubert;mill_en_sint_hubert
http://www.meetup.com/cities/nl/moerdijk/;Moerdijk;moerdijk
http://www.meetup.com/cities/nl/monster/;Monster;monster
http://www.meetup.com/cities/nl/montfoort/;Montfoort;montfoort
http://www.meetup.com/cities/nl/muiden/;Muiden;muiden
http://www.meetup.com/cities/nl/naaldwijk/;Naaldwijk;naaldwijk
http://www.meetup.com/cities/nl/naarden/;Naarden;naarden
http://www.meetup.com/cities/nl/nederweert/;Nederweert;nederweert
http://www.meetup.com/cities/nl/neede/;Neede;neede
http://www.meetup.com/cities/nl/neerijnen/;Neerijnen;neerijnen
http://www.meetup.com/cities/nl/nieuwegein/;Nieuwegein;nieuwegein
http://www.meetup.com/cities/nl/nieuwekerk_aan_den_ijssel/;Nieuwekerk aan den IJssel;nieuwekerk_aan_den_ijssel
http://www.meetup.com/cities/nl/nieuwkoop/;Nieuwkoop;nieuwkoop
http://www.meetup.com/cities/nl/nijkerk/;Nijkerk;nijkerk
http://www.meetup.com/cities/nl/nijmegen/;Nijmegen;nijmegen
http://www.meetup.com/cities/nl/noordenveld/;Noordenveld;noordenveld
http://www.meetup.com/cities/nl/noordoostpolder/;Noordoostpolder;noordoostpolder
http://www.meetup.com/cities/nl/noordwijk/;Noordwijk;noordwijk
http://www.meetup.com/cities/nl/noordwijkerhout/;Noordwijkerhout;noordwijkerhout
http://www.meetup.com/cities/nl/nuenen/;Nuenen;nuenen
http://www.meetup.com/cities/nl/nunspeet/;Nunspeet;nunspeet
http://www.meetup.com/cities/nl/nuth/;Nuth;nuth
http://www.meetup.com/cities/nl/oegstgeest/;Oegstgeest;oegstgeest
http://www.meetup.com/cities/nl/oirschot/;Oirschot;oirschot
http://www.meetup.com/cities/nl/oisterwijk/;Oisterwijk;oisterwijk
http://www.meetup.com/cities/nl/oldebroek/;Oldebroek;oldebroek
http://www.meetup.com/cities/nl/oldenzaal/;Oldenzaal;oldenzaal
http://www.meetup.com/cities/nl/ommen/;Ommen;ommen
http://www.meetup.com/cities/nl/oostburg/;Oostburg;oostburg
http://www.meetup.com/cities/nl/oosterhout/;Oosterhout;oosterhout
http://www.meetup.com/cities/nl/oostflakkee/;Oostflakkee;oostflakkee
http://www.meetup.com/cities/nl/ooststellingwerf/;Ooststellingwerf;ooststellingwerf
http://www.meetup.com/cities/nl/opmeer/;Opmeer;opmeer
http://www.meetup.com/cities/nl/opsterland/;Opsterland;opsterland
http://www.meetup.com/cities/nl/oss/;Oss;oss
http://www.meetup.com/cities/nl/oud-beijerland/;Oud-Beijerland;oud-beijerland
http://www.meetup.com/cities/nl/oudewater/;Oudewater;oudewater
http://www.meetup.com/cities/nl/papendrecht/;Papendrecht;papendrecht
http://www.meetup.com/cities/nl/pekela/;Pekela;pekela
http://www.meetup.com/cities/nl/pijnacker-nootdorp/;Pijnacker-Nootdorp;pijnacker-nootdorp
http://www.meetup.com/cities/nl/purmerend/;Purmerend;purmerend
http://www.meetup.com/cities/nl/putten/;Putten;putten
http://www.meetup.com/cities/nl/raalte/;Raalte;raalte
http://www.meetup.com/cities/nl/renkum/;Renkum;renkum
http://www.meetup.com/cities/nl/reusel-de_mierden/;Reusel-De Mierden;reusel-de_mierden
http://www.meetup.com/cities/nl/rheden/;Rheden;rheden
http://www.meetup.com/cities/nl/rhenen/;Rhenen;rhenen
http://www.meetup.com/cities/nl/ridderkerk/;Ridderkerk;ridderkerk
http://www.meetup.com/cities/nl/rijnsburg/;Rijnsburg;rijnsburg
http://www.meetup.com/cities/nl/rijnwoude/;Rijnwoude;rijnwoude
http://www.meetup.com/cities/nl/rijssen/;Rijssen;rijssen
http://www.meetup.com/cities/nl/rijswijk/;Rijswijk;rijswijk
http://www.meetup.com/cities/nl/roerdalen/;Roerdalen;roerdalen
http://www.meetup.com/cities/nl/roermond/;Roermond;roermond
http://www.meetup.com/cities/nl/roosendaal/;Roosendaal;roosendaal
http://www.meetup.com/cities/nl/rotterdam/;Rotterdam;rotterdam
http://www.meetup.com/cities/nl/rozenburg/;Rozenburg;rozenburg
http://www.meetup.com/cities/nl/rucphen/;Rucphen;rucphen
http://www.meetup.com/cities/nl/sanem/;Sanem;sanem
http://www.meetup.com/cities/nl/sassenheim/;Sassenheim;sassenheim
http://www.meetup.com/cities/nl/schagen/;Schagen;schagen
http://www.meetup.com/cities/nl/scheemda/;Scheemda;scheemda
http://www.meetup.com/cities/nl/schiedam/;Schiedam;schiedam
http://www.meetup.com/cities/nl/schijndel/;Schijndel;schijndel
http://www.meetup.com/cities/nl/schinnen/;Schinnen;schinnen
http://www.meetup.com/cities/nl/schipluiden/;Schipluiden;schipluiden
http://www.meetup.com/cities/nl/schoonhoven/;Schoonhoven;schoonhoven
http://www.meetup.com/cities/nl/schouwen-duiveland/;Schouwen-Duiveland;schouwen-duiveland
http://www.meetup.com/cities/nl/simpelveld/;Simpelveld;simpelveld
http://www.meetup.com/cities/nl/sint_anthonis/;Sint Anthonis;sint_anthonis
http://www.meetup.com/cities/nl/sint-michielsgestel/;Sint-Michielsgestel;sint-michielsgestel
http://www.meetup.com/cities/nl/sint-oedenrode/;Sint-Oedenrode;sint-oedenrode
http://www.meetup.com/cities/nl/skasterlan/;Skasterlan;skasterlan
http://www.meetup.com/cities/nl/sliedrecht/;Sliedrecht;sliedrecht
http://www.meetup.com/cities/nl/slochteren/;Slochteren;slochteren
http://www.meetup.com/cities/nl/smallingerland/;Smallingerland;smallingerland
http://www.meetup.com/cities/nl/sneek/;Sneek;sneek
http://www.meetup.com/cities/nl/soest/;Soest;soest
http://www.meetup.com/cities/nl/someren/;Someren;someren
http://www.meetup.com/cities/nl/son_en_breugel/;Son en Breugel;son_en_breugel
http://www.meetup.com/cities/nl/spijkenisse/;Spijkenisse;spijkenisse
http://www.meetup.com/cities/nl/stadskanaal/;Stadskanaal;stadskanaal
http://www.meetup.com/cities/nl/staphorst/;Staphorst;staphorst
http://www.meetup.com/cities/nl/steenbergen/;Steenbergen;steenbergen
http://www.meetup.com/cities/nl/steenwijk/;Steenwijk;steenwijk
http://www.meetup.com/cities/nl/strijen/;Strijen;strijen
http://www.meetup.com/cities/nl/susteren/;Susteren;susteren
http://www.meetup.com/cities/nl/terneuzen/;Terneuzen;terneuzen
http://www.meetup.com/cities/nl/terschelling/;Terschelling;terschelling
http://www.meetup.com/cities/nl/texel/;Texel;texel
http://www.meetup.com/cities/nl/tholen/;Tholen;tholen
http://www.meetup.com/cities/nl/tiel/;Tiel;tiel
http://www.meetup.com/cities/nl/tilburg/;Tilburg;tilburg
http://www.meetup.com/cities/nl/tubbergen/;Tubbergen;tubbergen
http://www.meetup.com/cities/nl/tynaarlo/;Tynaarlo;tynaarlo
http://www.meetup.com/cities/nl/tytsjerksteradiel/;Tytsjerksteradiel;tytsjerksteradiel
http://www.meetup.com/cities/nl/uden/;Uden;uden
http://www.meetup.com/cities/nl/uitgeest/;Uitgeest;uitgeest
http://www.meetup.com/cities/nl/uithoorn/;Uithoorn;uithoorn
http://www.meetup.com/cities/nl/urk/;Urk;urk
http://www.meetup.com/cities/nl/utrecht/;Utrecht;utrecht
http://www.meetup.com/cities/nl/vaals/;Vaals;vaals
http://www.meetup.com/cities/nl/valkenburg/;Valkenburg;valkenburg
http://www.meetup.com/cities/nl/valkenswaard/;Valkenswaard;valkenswaard
http://www.meetup.com/cities/nl/veendam/;Veendam;veendam
http://www.meetup.com/cities/nl/veenendaal/;Veenendaal;veenendaal
http://www.meetup.com/cities/nl/veere/;Veere;veere
http://www.meetup.com/cities/nl/veghel/;Veghel;veghel
http://www.meetup.com/cities/nl/veldhoven/;Veldhoven;veldhoven
http://www.meetup.com/cities/nl/velsen/;Velsen;velsen
http://www.meetup.com/cities/nl/venlo/;Venlo;venlo
http://www.meetup.com/cities/nl/venray/;Venray;venray
http://www.meetup.com/cities/nl/vianen/;Vianen;vianen
http://www.meetup.com/cities/nl/vlaardingen/;Vlaardingen;vlaardingen
http://www.meetup.com/cities/nl/vlagtwedde/;Vlagtwedde;vlagtwedde
http://www.meetup.com/cities/nl/vlissingen/;Vlissingen;vlissingen
http://www.meetup.com/cities/nl/vlist/;Vlist;vlist
http://www.meetup.com/cities/nl/voerendaal/;Voerendaal;voerendaal
http://www.meetup.com/cities/nl/voorhout/;Voorhout;voorhout
http://www.meetup.com/cities/nl/voorschoten/;Voorschoten;voorschoten
http://www.meetup.com/cities/nl/voorst/;Voorst;voorst
http://www.meetup.com/cities/nl/vriezenveen/;Vriezenveen;vriezenveen
http://www.meetup.com/cities/nl/vught/;Vught;vught
http://www.meetup.com/cities/nl/waalre/;Waalre;waalre
http://www.meetup.com/cities/nl/waalwijk/;Waalwijk;waalwijk
http://www.meetup.com/cities/nl/waddinxveen/;Waddinxveen;waddinxveen
http://www.meetup.com/cities/nl/wageningen/;Wageningen;wageningen
http://www.meetup.com/cities/nl/wassenaar/;Wassenaar;wassenaar
http://www.meetup.com/cities/nl/wateringen/;Wateringen;wateringen
http://www.meetup.com/cities/nl/waterland/;Waterland;waterland
http://www.meetup.com/cities/nl/weert/;Weert;weert
http://www.meetup.com/cities/nl/weesp/;Weesp;weesp
http://www.meetup.com/cities/nl/werkendam/;Werkendam;werkendam
http://www.meetup.com/cities/nl/westerveld/;Westerveld;westerveld
http://www.meetup.com/cities/nl/westervoort/;Westervoort;westervoort
http://www.meetup.com/cities/nl/west_maas_en_waal/;West Maas en Waal;west_maas_en_waal
http://www.meetup.com/cities/nl/weststellingwerf/;Weststellingwerf;weststellingwerf
http://www.meetup.com/cities/nl/wierden/;Wierden;wierden
http://www.meetup.com/cities/nl/wieringermeer/;Wieringermeer;wieringermeer
http://www.meetup.com/cities/nl/wijchen/;Wijchen;wijchen
http://www.meetup.com/cities/nl/wijk_bij_duurstede/;Wijk bij Duurstede;wijk_bij_duurstede
http://www.meetup.com/cities/nl/winschoten/;Winschoten;winschoten
http://www.meetup.com/cities/nl/winsum/;Winsum;winsum
http://www.meetup.com/cities/nl/winterswijk/;Winterswijk;winterswijk
http://www.meetup.com/cities/nl/wisch/;Wisch;wisch
http://www.meetup.com/cities/nl/woensdrecht/;Woensdrecht;woensdrecht
http://www.meetup.com/cities/nl/woerden/;Woerden;woerden
http://www.meetup.com/cities/nl/woudenberg/;Woudenberg;woudenberg
http://www.meetup.com/cities/nl/woudrichem/;Woudrichem;woudrichem
http://www.meetup.com/cities/nl/zaanstad/;Zaanstad;zaanstad
http://www.meetup.com/cities/nl/zaltbommel/;Zaltbommel;zaltbommel
http://www.meetup.com/cities/nl/zandvoort/;Zandvoort;zandvoort
http://www.meetup.com/cities/nl/zeewolde/;Zeewolde;zeewolde
http://www.meetup.com/cities/nl/zeist/;Zeist;zeist
http://www.meetup.com/cities/nl/zelhem/;Zelhem;zelhem
http://www.meetup.com/cities/nl/zevenaar/;Zevenaar;zevenaar
http://www.meetup.com/cities/nl/zevenhuizen-moerkapelle/;Zevenhuizen-Moerkapelle;zevenhuizen-moerkapelle
http://www.meetup.com/cities/nl/zijpe/;Zijpe;zijpe
http://www.meetup.com/cities/nl/zoetermeer/;Zoetermeer;zoetermeer
http://www.meetup.com/cities/nl/zuidhorn/;Zuidhorn;zuidhorn
http://www.meetup.com/cities/nl/zundert/;Zundert;zundert
http://www.meetup.com/cities/nl/zutphen/;Zutphen;zutphen
http://www.meetup.com/cities/nl/zwijndrecht/;Zwijndrecht;zwijndrecht
http://www.meetup.com/cities/nl/zwolle/;Zwolle;zwolle
