http://www.meetup.com/cities/it/va/agra/;Agra;agra
http://www.meetup.com/cities/it/va/albizzate/;Albizzate;albizzate
http://www.meetup.com/cities/it/va/angera/;Angera;angera
http://www.meetup.com/cities/it/va/arcisate/;Arcisate;arcisate
http://www.meetup.com/cities/it/va/arsago_seprio/;Arsago Seprio;arsago_seprio
http://www.meetup.com/cities/it/va/azzate/;Azzate;azzate
http://www.meetup.com/cities/it/va/azzio/;Azzio;azzio
http://www.meetup.com/cities/it/va/barasso/;Barasso;barasso
http://www.meetup.com/cities/it/va/bardello/;Bardello;bardello
http://www.meetup.com/cities/it/va/bedero_valcuvia/;Bedero Valcuvia;bedero_valcuvia
http://www.meetup.com/cities/it/va/besano/;Besano;besano
http://www.meetup.com/cities/it/va/besnate/;Besnate;besnate
http://www.meetup.com/cities/it/va/besozzo/;Besozzo;besozzo
http://www.meetup.com/cities/it/va/biandronno/;Biandronno;biandronno
http://www.meetup.com/cities/it/va/bisuschio/;Bisuschio;bisuschio
http://www.meetup.com/cities/it/va/bodio_lomnago/;Bodio Lomnago;bodio_lomnago
http://www.meetup.com/cities/it/va/brebbia/;Brebbia;brebbia
http://www.meetup.com/cities/it/va/bregano/;Bregano;bregano
http://www.meetup.com/cities/it/va/brenta/;Brenta;brenta
http://www.meetup.com/cities/it/va/brezzo_di_bedero/;Brezzo di Bedero;brezzo_di_bedero
http://www.meetup.com/cities/it/va/brinzio/;Brinzio;brinzio
http://www.meetup.com/cities/it/va/brissago-valtravaglia/;Brissago-Valtravaglia;brissago-valtravaglia
http://www.meetup.com/cities/it/va/brunello/;Brunello;brunello
http://www.meetup.com/cities/it/va/brusimpiano/;Brusimpiano;brusimpiano
http://www.meetup.com/cities/it/va/buguggiate/;Buguggiate;buguggiate
http://www.meetup.com/cities/it/va/busto_arsizio/;Busto Arsizio;busto_arsizio
http://www.meetup.com/cities/it/va/cadegliano-viconago/;Cadegliano-Viconago;cadegliano-viconago
http://www.meetup.com/cities/it/va/cadrezzate/;Cadrezzate;cadrezzate
http://www.meetup.com/cities/it/va/cairate/;Cairate;cairate
http://www.meetup.com/cities/it/va/cantello/;Cantello;cantello
http://www.meetup.com/cities/it/va/caravate/;Caravate;caravate
http://www.meetup.com/cities/it/va/cardano_al_campo/;Cardano al Campo;cardano_al_campo
http://www.meetup.com/cities/it/va/carnago/;Carnago;carnago
http://www.meetup.com/cities/it/va/caronno_pertusella/;Caronno Pertusella;caronno_pertusella
http://www.meetup.com/cities/it/va/caronno_varesino/;Caronno Varesino;caronno_varesino
http://www.meetup.com/cities/it/va/casale_litta/;Casale Litta;casale_litta
http://www.meetup.com/cities/it/va/casalzuigno/;Casalzuigno;casalzuigno
http://www.meetup.com/cities/it/va/casciago/;Casciago;casciago
http://www.meetup.com/cities/it/va/casorate_sempione/;Casorate Sempione;casorate_sempione
http://www.meetup.com/cities/it/va/cassano_magnago/;Cassano Magnago;cassano_magnago
http://www.meetup.com/cities/it/va/cassano_valcuvia/;Cassano Valcuvia;cassano_valcuvia
http://www.meetup.com/cities/it/va/castellanza/;Castellanza;castellanza
http://www.meetup.com/cities/it/va/castello_cabiaglio/;Castello Cabiaglio;castello_cabiaglio
http://www.meetup.com/cities/it/va/castelseprio/;Castelseprio;castelseprio
http://www.meetup.com/cities/it/va/castelveccana/;Castelveccana;castelveccana
http://www.meetup.com/cities/it/va/castiglione_olona/;Castiglione Olona;castiglione_olona
http://www.meetup.com/cities/it/va/castronno/;Castronno;castronno
http://www.meetup.com/cities/it/va/cavaria_con_premezzo/;Cavaria con Premezzo;cavaria_con_premezzo
http://www.meetup.com/cities/it/va/cazzago_brabbia/;Cazzago Brabbia;cazzago_brabbia
http://www.meetup.com/cities/it/va/cislago/;Cislago;cislago
http://www.meetup.com/cities/it/va/cittiglio/;Cittiglio;cittiglio
http://www.meetup.com/cities/it/va/clivio/;Clivio;clivio
http://www.meetup.com/cities/it/va/cocquio-trevisago/;Cocquio-Trevisago;cocquio-trevisago
http://www.meetup.com/cities/it/va/comabbio/;Comabbio;comabbio
http://www.meetup.com/cities/it/va/comerio/;Comerio;comerio
http://www.meetup.com/cities/it/va/cremenaga/;Cremenaga;cremenaga
http://www.meetup.com/cities/it/va/crosio_della_valle/;Crosio della Valle;crosio_della_valle
http://www.meetup.com/cities/it/va/cuasso_al_monte/;Cuasso al Monte;cuasso_al_monte
http://www.meetup.com/cities/it/va/cugliate-fabiasco/;Cugliate-Fabiasco;cugliate-fabiasco
http://www.meetup.com/cities/it/va/cunardo/;Cunardo;cunardo
http://www.meetup.com/cities/it/va/curiglia_con_monteviasco/;Curiglia con Monteviasco;curiglia_con_monteviasco
http://www.meetup.com/cities/it/va/cuveglio/;Cuveglio;cuveglio
http://www.meetup.com/cities/it/va/cuvio/;Cuvio;cuvio
http://www.meetup.com/cities/it/va/daverio/;Daverio;daverio
http://www.meetup.com/cities/it/va/dumenza/;Dumenza;dumenza
http://www.meetup.com/cities/it/va/duno/;Duno;duno
http://www.meetup.com/cities/it/va/fagnano_olona/;Fagnano Olona;fagnano_olona
http://www.meetup.com/cities/it/va/ferno/;Ferno;ferno
http://www.meetup.com/cities/it/va/ferrera_di_varese/;Ferrera di Varese;ferrera_di_varese
http://www.meetup.com/cities/it/va/gallarate/;Gallarate;gallarate
http://www.meetup.com/cities/it/va/galliate_lombardo/;Galliate Lombardo;galliate_lombardo
http://www.meetup.com/cities/it/va/gavirate/;Gavirate;gavirate
http://www.meetup.com/cities/it/va/gazzada_schianno/;Gazzada Schianno;gazzada_schianno
http://www.meetup.com/cities/it/va/gemonio/;Gemonio;gemonio
http://www.meetup.com/cities/it/va/gerenzano/;Gerenzano;gerenzano
http://www.meetup.com/cities/it/va/germignaga/;Germignaga;germignaga
http://www.meetup.com/cities/it/va/golasecca/;Golasecca;golasecca
http://www.meetup.com/cities/it/va/gorla_maggiore/;Gorla Maggiore;gorla_maggiore
http://www.meetup.com/cities/it/va/gorla_minore/;Gorla Minore;gorla_minore
http://www.meetup.com/cities/it/va/gornate-olona/;Gornate-Olona;gornate-olona
http://www.meetup.com/cities/it/va/grantola/;Grantola;grantola
http://www.meetup.com/cities/it/va/inarzo/;Inarzo;inarzo
http://www.meetup.com/cities/it/va/induno_olona/;Induno Olona;induno_olona
http://www.meetup.com/cities/it/va/ispra/;Ispra;ispra
http://www.meetup.com/cities/it/va/jerago_con_orago/;Jerago con Orago;jerago_con_orago
http://www.meetup.com/cities/it/va/lavena_ponte_tresa/;Lavena Ponte Tresa;lavena_ponte_tresa
http://www.meetup.com/cities/it/va/laveno-mombello/;Laveno-Mombello;laveno-mombello
http://www.meetup.com/cities/it/va/leggiuno/;Leggiuno;leggiuno
http://www.meetup.com/cities/it/va/lonate_ceppino/;Lonate Ceppino;lonate_ceppino
http://www.meetup.com/cities/it/va/lonate_pozzolo/;Lonate Pozzolo;lonate_pozzolo
http://www.meetup.com/cities/it/va/lozza/;Lozza;lozza
http://www.meetup.com/cities/it/va/luino/;Luino;luino
http://www.meetup.com/cities/it/va/luvinate/;Luvinate;luvinate
http://www.meetup.com/cities/it/va/maccagno/;Maccagno;maccagno
http://www.meetup.com/cities/it/va/malgesso/;Malgesso;malgesso
http://www.meetup.com/cities/it/va/malnate/;Malnate;malnate
http://www.meetup.com/cities/it/va/marchirolo/;Marchirolo;marchirolo
http://www.meetup.com/cities/it/va/marnate/;Marnate;marnate
http://www.meetup.com/cities/it/va/marzio/;Marzio;marzio
http://www.meetup.com/cities/it/va/masciago_primo/;Masciago Primo;masciago_primo
http://www.meetup.com/cities/it/va/mercallo/;Mercallo;mercallo
http://www.meetup.com/cities/it/va/mesenzana/;Mesenzana;mesenzana
http://www.meetup.com/cities/it/va/montegrino_valtravaglia/;Montegrino Valtravaglia;montegrino_valtravaglia
http://www.meetup.com/cities/it/va/monvalle/;Monvalle;monvalle
http://www.meetup.com/cities/it/va/morazzone/;Morazzone;morazzone
http://www.meetup.com/cities/it/va/mornago/;Mornago;mornago
http://www.meetup.com/cities/it/va/oggiona_con_santo_stefano/;Oggiona con Santo Stefano;oggiona_con_santo_stefano
http://www.meetup.com/cities/it/va/olgiate_olona/;Olgiate Olona;olgiate_olona
http://www.meetup.com/cities/it/va/origgio/;Origgio;origgio
http://www.meetup.com/cities/it/va/orino/;Orino;orino
http://www.meetup.com/cities/it/va/osmate/;Osmate;osmate
http://www.meetup.com/cities/it/va/pino_sulla_sponda_del_lago_maggiore/;Pino sulla Sponda del Lago Maggiore;pino_sulla_sponda_del_lago_maggiore
http://www.meetup.com/cities/it/va/porto_ceresio/;Porto Ceresio;porto_ceresio
http://www.meetup.com/cities/it/va/porto_valtravaglia/;Porto Valtravaglia;porto_valtravaglia
http://www.meetup.com/cities/it/va/rancio_valcuvia/;Rancio Valcuvia;rancio_valcuvia
http://www.meetup.com/cities/it/va/ranco/;Ranco;ranco
http://www.meetup.com/cities/it/va/saltrio/;Saltrio;saltrio
http://www.meetup.com/cities/it/va/samarate/;Samarate;samarate
http://www.meetup.com/cities/it/va/sangiano/;Sangiano;sangiano
http://www.meetup.com/cities/it/va/saronno/;Saronno;saronno
http://www.meetup.com/cities/it/va/sesto_calende/;Sesto Calende;sesto_calende
http://www.meetup.com/cities/it/va/solbiate_arno/;Solbiate Arno;solbiate_arno
http://www.meetup.com/cities/it/va/solbiate_olona/;Solbiate Olona;solbiate_olona
http://www.meetup.com/cities/it/va/somma_lombardo/;Somma Lombardo;somma_lombardo
http://www.meetup.com/cities/it/va/sumirago/;Sumirago;sumirago
http://www.meetup.com/cities/it/va/taino/;Taino;taino
http://www.meetup.com/cities/it/va/ternate/;Ternate;ternate
http://www.meetup.com/cities/it/va/tradate/;Tradate;tradate
http://www.meetup.com/cities/it/va/travedona-monate/;Travedona-Monate;travedona-monate
http://www.meetup.com/cities/it/va/tronzano_lago_maggiore/;Tronzano Lago Maggiore;tronzano_lago_maggiore
http://www.meetup.com/cities/it/va/uboldo/;Uboldo;uboldo
http://www.meetup.com/cities/it/va/valganna/;Valganna;valganna
http://www.meetup.com/cities/it/va/varano_borghi/;Varano Borghi;varano_borghi
http://www.meetup.com/cities/it/va/varese/;Varese;varese
http://www.meetup.com/cities/it/va/vedano_olona/;Vedano Olona;vedano_olona
http://www.meetup.com/cities/it/va/veddasca/;Veddasca;veddasca
http://www.meetup.com/cities/it/va/venegono_inferiore/;Venegono Inferiore;venegono_inferiore
http://www.meetup.com/cities/it/va/venegono_superiore/;Venegono Superiore;venegono_superiore
http://www.meetup.com/cities/it/va/vergiate/;Vergiate;vergiate
http://www.meetup.com/cities/it/va/viggi%C3%B9/;Viggiù;viggi%C3%B9
http://www.meetup.com/cities/it/va/vizzola_ticino/;Vizzola Ticino;vizzola_ticino
