http://www.meetup.com/cities/it/bg/adrara_san_martino/;Adrara San Martino;adrara_san_martino
http://www.meetup.com/cities/it/bg/adrara_san_rocco/;Adrara San Rocco;adrara_san_rocco
http://www.meetup.com/cities/it/bg/albano_sant%27alessandro/;Albano Sant'Alessandro;albano_sant%27alessandro
http://www.meetup.com/cities/it/bg/albino/;Albino;albino
http://www.meetup.com/cities/it/bg/algua/;Algua;algua
http://www.meetup.com/cities/it/bg/alm%C3%A8/;Almè;alm%C3%A8
http://www.meetup.com/cities/it/bg/almenno_san_bartolomeo/;Almenno San Bartolomeo;almenno_san_bartolomeo
http://www.meetup.com/cities/it/bg/almenno_san_salvatore/;Almenno San Salvatore;almenno_san_salvatore
http://www.meetup.com/cities/it/bg/alzano_lombardo/;Alzano Lombardo;alzano_lombardo
http://www.meetup.com/cities/it/bg/ambivere/;Ambivere;ambivere
http://www.meetup.com/cities/it/bg/antegnate/;Antegnate;antegnate
http://www.meetup.com/cities/it/bg/arcene/;Arcene;arcene
http://www.meetup.com/cities/it/bg/ardesio/;Ardesio;ardesio
http://www.meetup.com/cities/it/bg/arzago_d%27adda/;Arzago d'Adda;arzago_d%27adda
http://www.meetup.com/cities/it/bg/averara/;Averara;averara
http://www.meetup.com/cities/it/bg/aviatico/;Aviatico;aviatico
http://www.meetup.com/cities/it/bg/azzano_san_paolo/;Azzano San Paolo;azzano_san_paolo
http://www.meetup.com/cities/it/bg/azzone/;Azzone;azzone
http://www.meetup.com/cities/it/bg/bagnatica/;Bagnatica;bagnatica
http://www.meetup.com/cities/it/bg/barbata/;Barbata;barbata
http://www.meetup.com/cities/it/bg/bariano/;Bariano;bariano
http://www.meetup.com/cities/it/bg/barzana/;Barzana;barzana
http://www.meetup.com/cities/it/bg/bedulita/;Bedulita;bedulita
http://www.meetup.com/cities/it/bg/berbenno/;Berbenno;berbenno
http://www.meetup.com/cities/it/bg/bergamo/;Bergamo;bergamo
http://www.meetup.com/cities/it/bg/berzo_san_fermo/;Berzo San Fermo;berzo_san_fermo
http://www.meetup.com/cities/it/bg/bianzano/;Bianzano;bianzano
http://www.meetup.com/cities/it/bg/blello/;Blello;blello
http://www.meetup.com/cities/it/bg/bolgare/;Bolgare;bolgare
http://www.meetup.com/cities/it/bg/boltiere/;Boltiere;boltiere
http://www.meetup.com/cities/it/bg/bonate_sopra/;Bonate Sopra;bonate_sopra
http://www.meetup.com/cities/it/bg/bonate_sotto/;Bonate Sotto;bonate_sotto
http://www.meetup.com/cities/it/bg/borgo_di_terzo/;Borgo di Terzo;borgo_di_terzo
http://www.meetup.com/cities/it/bg/bossico/;Bossico;bossico
http://www.meetup.com/cities/it/bg/bottanuco/;Bottanuco;bottanuco
http://www.meetup.com/cities/it/bg/bracca/;Bracca;bracca
http://www.meetup.com/cities/it/bg/branzi/;Branzi;branzi
http://www.meetup.com/cities/it/bg/brembate/;Brembate;brembate
http://www.meetup.com/cities/it/bg/brembate_di_sopra/;Brembate di Sopra;brembate_di_sopra
http://www.meetup.com/cities/it/bg/brembilla/;Brembilla;brembilla
http://www.meetup.com/cities/it/bg/brignano_gera_d%27adda/;Brignano Gera d'Adda;brignano_gera_d%27adda
http://www.meetup.com/cities/it/bg/brumano/;Brumano;brumano
http://www.meetup.com/cities/it/bg/brusaporto/;Brusaporto;brusaporto
http://www.meetup.com/cities/it/bg/calcinate/;Calcinate;calcinate
http://www.meetup.com/cities/it/bg/calcio/;Calcio;calcio
http://www.meetup.com/cities/it/bg/calusco_d%27adda/;Calusco d'Adda;calusco_d%27adda
http://www.meetup.com/cities/it/bg/calvenzano/;Calvenzano;calvenzano
http://www.meetup.com/cities/it/bg/camerata_cornello/;Camerata Cornello;camerata_cornello
http://www.meetup.com/cities/it/bg/canonica_d%27adda/;Canonica d'Adda;canonica_d%27adda
http://www.meetup.com/cities/it/bg/capizzone/;Capizzone;capizzone
http://www.meetup.com/cities/it/bg/capriate_san_gervasio/;Capriate San Gervasio;capriate_san_gervasio
http://www.meetup.com/cities/it/bg/caprino_bergamasco/;Caprino Bergamasco;caprino_bergamasco
http://www.meetup.com/cities/it/bg/caravaggio/;Caravaggio;caravaggio
http://www.meetup.com/cities/it/bg/carobbio_degli_angeli/;Carobbio degli Angeli;carobbio_degli_angeli
http://www.meetup.com/cities/it/bg/carona/;Carona;carona
http://www.meetup.com/cities/it/bg/carvico/;Carvico;carvico
http://www.meetup.com/cities/it/bg/casazza/;Casazza;casazza
http://www.meetup.com/cities/it/bg/casirate_d%27adda/;Casirate d'Adda;casirate_d%27adda
http://www.meetup.com/cities/it/bg/casnigo/;Casnigo;casnigo
http://www.meetup.com/cities/it/bg/cassiglio/;Cassiglio;cassiglio
http://www.meetup.com/cities/it/bg/castelli_calepio/;Castelli Calepio;castelli_calepio
http://www.meetup.com/cities/it/bg/castel_rozzone/;Castel Rozzone;castel_rozzone
http://www.meetup.com/cities/it/bg/castione_della_presolana/;Castione della Presolana;castione_della_presolana
http://www.meetup.com/cities/it/bg/castro/;Castro;castro
http://www.meetup.com/cities/it/bg/cavernago/;Cavernago;cavernago
http://www.meetup.com/cities/it/bg/cazzano_sant%27andrea/;Cazzano Sant'Andrea;cazzano_sant%27andrea
http://www.meetup.com/cities/it/bg/cenate_sopra/;Cenate Sopra;cenate_sopra
http://www.meetup.com/cities/it/bg/cenate_sotto/;Cenate Sotto;cenate_sotto
http://www.meetup.com/cities/it/bg/cene/;Cene;cene
http://www.meetup.com/cities/it/bg/cerete/;Cerete;cerete
http://www.meetup.com/cities/it/bg/chignolo_d%27isola/;Chignolo d'Isola;chignolo_d%27isola
http://www.meetup.com/cities/it/bg/chiuduno/;Chiuduno;chiuduno
http://www.meetup.com/cities/it/bg/cisano_bergamasco/;Cisano Bergamasco;cisano_bergamasco
http://www.meetup.com/cities/it/bg/ciserano/;Ciserano;ciserano
http://www.meetup.com/cities/it/bg/cividate_al_piano/;Cividate al Piano;cividate_al_piano
http://www.meetup.com/cities/it/bg/clusone/;Clusone;clusone
http://www.meetup.com/cities/it/bg/colere/;Colere;colere
http://www.meetup.com/cities/it/bg/cologno_al_serio/;Cologno al Serio;cologno_al_serio
http://www.meetup.com/cities/it/bg/colzate/;Colzate;colzate
http://www.meetup.com/cities/it/bg/comun_nuovo/;Comun Nuovo;comun_nuovo
http://www.meetup.com/cities/it/bg/corna_imagna/;Corna Imagna;corna_imagna
http://www.meetup.com/cities/it/bg/cornalba/;Cornalba;cornalba
http://www.meetup.com/cities/it/bg/cortenuova/;Cortenuova;cortenuova
http://www.meetup.com/cities/it/bg/costa_di_mezzate/;Costa di Mezzate;costa_di_mezzate
http://www.meetup.com/cities/it/bg/costa_serina/;Costa Serina;costa_serina
http://www.meetup.com/cities/it/bg/costa_valle_imagna/;Costa Valle Imagna;costa_valle_imagna
http://www.meetup.com/cities/it/bg/costa_volpino/;Costa Volpino;costa_volpino
http://www.meetup.com/cities/it/bg/covo/;Covo;covo
http://www.meetup.com/cities/it/bg/credaro/;Credaro;credaro
http://www.meetup.com/cities/it/bg/curno/;Curno;curno
http://www.meetup.com/cities/it/bg/cusio/;Cusio;cusio
http://www.meetup.com/cities/it/bg/dalmine/;Dalmine;dalmine
http://www.meetup.com/cities/it/bg/dossena/;Dossena;dossena
http://www.meetup.com/cities/it/bg/endine_gaiano/;Endine Gaiano;endine_gaiano
http://www.meetup.com/cities/it/bg/entratico/;Entratico;entratico
http://www.meetup.com/cities/it/bg/fara_gera_d%27adda/;Fara Gera d'Adda;fara_gera_d%27adda
http://www.meetup.com/cities/it/bg/fara_olivana_con_sola/;Fara Olivana con Sola;fara_olivana_con_sola
http://www.meetup.com/cities/it/bg/filago/;Filago;filago
http://www.meetup.com/cities/it/bg/fino_del_monte/;Fino del Monte;fino_del_monte
http://www.meetup.com/cities/it/bg/fiorano_al_serio/;Fiorano al Serio;fiorano_al_serio
http://www.meetup.com/cities/it/bg/fontanella/;Fontanella;fontanella
http://www.meetup.com/cities/it/bg/fonteno/;Fonteno;fonteno
http://www.meetup.com/cities/it/bg/foppolo/;Foppolo;foppolo
http://www.meetup.com/cities/it/bg/foresto_sparso/;Foresto Sparso;foresto_sparso
http://www.meetup.com/cities/it/bg/fornovo_san_giovanni/;Fornovo San Giovanni;fornovo_san_giovanni
http://www.meetup.com/cities/it/bg/fuipiano_valle_imagna/;Fuipiano Valle Imagna;fuipiano_valle_imagna
http://www.meetup.com/cities/it/bg/gandellino/;Gandellino;gandellino
http://www.meetup.com/cities/it/bg/gandino/;Gandino;gandino
http://www.meetup.com/cities/it/bg/gandosso/;Gandosso;gandosso
http://www.meetup.com/cities/it/bg/gaverina_terme/;Gaverina Terme;gaverina_terme
http://www.meetup.com/cities/it/bg/gazzaniga/;Gazzaniga;gazzaniga
http://www.meetup.com/cities/it/bg/gerosa/;Gerosa;gerosa
http://www.meetup.com/cities/it/bg/ghisalba/;Ghisalba;ghisalba
http://www.meetup.com/cities/it/bg/gorlago/;Gorlago;gorlago
http://www.meetup.com/cities/it/bg/gorle/;Gorle;gorle
http://www.meetup.com/cities/it/bg/gorno/;Gorno;gorno
http://www.meetup.com/cities/it/bg/grassobbio/;Grassobbio;grassobbio
http://www.meetup.com/cities/it/bg/gromo/;Gromo;gromo
http://www.meetup.com/cities/it/bg/grone/;Grone;grone
http://www.meetup.com/cities/it/bg/grumello_del_monte/;Grumello del Monte;grumello_del_monte
http://www.meetup.com/cities/it/bg/isola_di_fondra/;Isola di Fondra;isola_di_fondra
http://www.meetup.com/cities/it/bg/isso/;Isso;isso
http://www.meetup.com/cities/it/bg/lallio/;Lallio;lallio
http://www.meetup.com/cities/it/bg/leffe/;Leffe;leffe
http://www.meetup.com/cities/it/bg/lenna/;Lenna;lenna
http://www.meetup.com/cities/it/bg/levate/;Levate;levate
http://www.meetup.com/cities/it/bg/locatello/;Locatello;locatello
http://www.meetup.com/cities/it/bg/lovere/;Lovere;lovere
http://www.meetup.com/cities/it/bg/lurano/;Lurano;lurano
http://www.meetup.com/cities/it/bg/luzzana/;Luzzana;luzzana
http://www.meetup.com/cities/it/bg/madone/;Madone;madone
http://www.meetup.com/cities/it/bg/mapello/;Mapello;mapello
http://www.meetup.com/cities/it/bg/martinengo/;Martinengo;martinengo
http://www.meetup.com/cities/it/bg/medolago/;Medolago;medolago
http://www.meetup.com/cities/it/bg/mezzoldo/;Mezzoldo;mezzoldo
http://www.meetup.com/cities/it/bg/misano_di_gera_d%27adda/;Misano di Gera d'Adda;misano_di_gera_d%27adda
http://www.meetup.com/cities/it/bg/moio_de%27_calvi/;Moio de' Calvi;moio_de%27_calvi
http://www.meetup.com/cities/it/bg/monasterolo_del_castello/;Monasterolo del Castello;monasterolo_del_castello
http://www.meetup.com/cities/it/bg/montello/;Montello;montello
http://www.meetup.com/cities/it/bg/morengo/;Morengo;morengo
http://www.meetup.com/cities/it/bg/mornico_al_serio/;Mornico al Serio;mornico_al_serio
http://www.meetup.com/cities/it/bg/mozzanica/;Mozzanica;mozzanica
http://www.meetup.com/cities/it/bg/mozzo/;Mozzo;mozzo
http://www.meetup.com/cities/it/bg/nembro/;Nembro;nembro
http://www.meetup.com/cities/it/bg/olmo_al_brembo/;Olmo al Brembo;olmo_al_brembo
http://www.meetup.com/cities/it/bg/oltre_il_colle/;Oltre il Colle;oltre_il_colle
http://www.meetup.com/cities/it/bg/oltressenda_alta/;Oltressenda Alta;oltressenda_alta
http://www.meetup.com/cities/it/bg/oneta/;Oneta;oneta
http://www.meetup.com/cities/it/bg/onore/;Onore;onore
http://www.meetup.com/cities/it/bg/orio_al_serio/;Orio al Serio;orio_al_serio
http://www.meetup.com/cities/it/bg/ornica/;Ornica;ornica
http://www.meetup.com/cities/it/bg/osio_sopra/;Osio Sopra;osio_sopra
http://www.meetup.com/cities/it/bg/osio_sotto/;Osio Sotto;osio_sotto
http://www.meetup.com/cities/it/bg/pagazzano/;Pagazzano;pagazzano
http://www.meetup.com/cities/it/bg/paladina/;Paladina;paladina
http://www.meetup.com/cities/it/bg/palazzago/;Palazzago;palazzago
http://www.meetup.com/cities/it/bg/palosco/;Palosco;palosco
http://www.meetup.com/cities/it/bg/parre/;Parre;parre
http://www.meetup.com/cities/it/bg/parzanica/;Parzanica;parzanica
http://www.meetup.com/cities/it/bg/pedrengo/;Pedrengo;pedrengo
http://www.meetup.com/cities/it/bg/peia/;Peia;peia
http://www.meetup.com/cities/it/bg/pianico/;Pianico;pianico
http://www.meetup.com/cities/it/bg/piario/;Piario;piario
http://www.meetup.com/cities/it/bg/piazza_brembana/;Piazza Brembana;piazza_brembana
http://www.meetup.com/cities/it/bg/piazzatorre/;Piazzatorre;piazzatorre
http://www.meetup.com/cities/it/bg/piazzolo/;Piazzolo;piazzolo
http://www.meetup.com/cities/it/bg/pognano/;Pognano;pognano
http://www.meetup.com/cities/it/bg/ponte_nossa/;Ponte Nossa;ponte_nossa
http://www.meetup.com/cities/it/bg/ponteranica/;Ponteranica;ponteranica
http://www.meetup.com/cities/it/bg/ponte_san_pietro/;Ponte San Pietro;ponte_san_pietro
http://www.meetup.com/cities/it/bg/pontida/;Pontida;pontida
http://www.meetup.com/cities/it/bg/pontirolo_nuovo/;Pontirolo Nuovo;pontirolo_nuovo
http://www.meetup.com/cities/it/bg/pradalunga/;Pradalunga;pradalunga
http://www.meetup.com/cities/it/bg/predore/;Predore;predore
http://www.meetup.com/cities/it/bg/premolo/;Premolo;premolo
http://www.meetup.com/cities/it/bg/presezzo/;Presezzo;presezzo
http://www.meetup.com/cities/it/bg/pumenengo/;Pumenengo;pumenengo
http://www.meetup.com/cities/it/bg/ranica/;Ranica;ranica
http://www.meetup.com/cities/it/bg/ranzanico/;Ranzanico;ranzanico
http://www.meetup.com/cities/it/bg/riva_di_solto/;Riva di Solto;riva_di_solto
http://www.meetup.com/cities/it/bg/rogno/;Rogno;rogno
http://www.meetup.com/cities/it/bg/romano_di_lombardia/;Romano di Lombardia;romano_di_lombardia
http://www.meetup.com/cities/it/bg/roncobello/;Roncobello;roncobello
http://www.meetup.com/cities/it/bg/roncola/;Roncola;roncola
http://www.meetup.com/cities/it/bg/rota_d%27imagna/;Rota d'Imagna;rota_d%27imagna
http://www.meetup.com/cities/it/bg/rovetta/;Rovetta;rovetta
http://www.meetup.com/cities/it/bg/san_giovanni_bianco/;San Giovanni Bianco;san_giovanni_bianco
http://www.meetup.com/cities/it/bg/san_paolo_d%27argon/;San Paolo d'Argon;san_paolo_d%27argon
http://www.meetup.com/cities/it/bg/san_pellegrino_terme/;San Pellegrino Terme;san_pellegrino_terme
http://www.meetup.com/cities/it/bg/sant%27omobono_terme/;Sant'Omobono Terme;sant%27omobono_terme
http://www.meetup.com/cities/it/bg/santa_brigida/;Santa Brigida;santa_brigida
http://www.meetup.com/cities/it/bg/sarnico/;Sarnico;sarnico
http://www.meetup.com/cities/it/bg/scanzorosciate/;Scanzorosciate;scanzorosciate
http://www.meetup.com/cities/it/bg/schilpario/;Schilpario;schilpario
http://www.meetup.com/cities/it/bg/sedrina/;Sedrina;sedrina
http://www.meetup.com/cities/it/bg/selvino/;Selvino;selvino
http://www.meetup.com/cities/it/bg/seriate/;Seriate;seriate
http://www.meetup.com/cities/it/bg/serina/;Serina;serina
http://www.meetup.com/cities/it/bg/solto_collina/;Solto Collina;solto_collina
http://www.meetup.com/cities/it/bg/solza/;Solza;solza
http://www.meetup.com/cities/it/bg/songavazzo/;Songavazzo;songavazzo
http://www.meetup.com/cities/it/bg/sorisole/;Sorisole;sorisole
http://www.meetup.com/cities/it/bg/sotto_il_monte_giovanni_xxiii/;Sotto il Monte Giovanni XXIII;sotto_il_monte_giovanni_xxiii
http://www.meetup.com/cities/it/bg/sovere/;Sovere;sovere
http://www.meetup.com/cities/it/bg/spinone_al_lago/;Spinone al Lago;spinone_al_lago
http://www.meetup.com/cities/it/bg/spirano/;Spirano;spirano
http://www.meetup.com/cities/it/bg/stezzano/;Stezzano;stezzano
http://www.meetup.com/cities/it/bg/strozza/;Strozza;strozza
http://www.meetup.com/cities/it/bg/suisio/;Suisio;suisio
http://www.meetup.com/cities/it/bg/taleggio/;Taleggio;taleggio
http://www.meetup.com/cities/it/bg/tavernola_bergamasca/;Tavernola Bergamasca;tavernola_bergamasca
http://www.meetup.com/cities/it/bg/telgate/;Telgate;telgate
http://www.meetup.com/cities/it/bg/terno_d%27isola/;Terno d'Isola;terno_d%27isola
http://www.meetup.com/cities/it/bg/torre_boldone/;Torre Boldone;torre_boldone
http://www.meetup.com/cities/it/bg/torre_de%27_roveri/;Torre de' Roveri;torre_de%27_roveri
http://www.meetup.com/cities/it/bg/torre_pallavicina/;Torre Pallavicina;torre_pallavicina
http://www.meetup.com/cities/it/bg/trescore_balneario/;Trescore Balneario;trescore_balneario
http://www.meetup.com/cities/it/bg/treviglio/;Treviglio;treviglio
http://www.meetup.com/cities/it/bg/treviolo/;Treviolo;treviolo
http://www.meetup.com/cities/it/bg/ubiale_clanezzo/;Ubiale Clanezzo;ubiale_clanezzo
http://www.meetup.com/cities/it/bg/urgnano/;Urgnano;urgnano
http://www.meetup.com/cities/it/bg/valbondione/;Valbondione;valbondione
http://www.meetup.com/cities/it/bg/valbrembo/;Valbrembo;valbrembo
http://www.meetup.com/cities/it/bg/valgoglio/;Valgoglio;valgoglio
http://www.meetup.com/cities/it/bg/valleve/;Valleve;valleve
http://www.meetup.com/cities/it/bg/valnegra/;Valnegra;valnegra
http://www.meetup.com/cities/it/bg/valsecca/;Valsecca;valsecca
http://www.meetup.com/cities/it/bg/valtorta/;Valtorta;valtorta
http://www.meetup.com/cities/it/bg/vedeseta/;Vedeseta;vedeseta
http://www.meetup.com/cities/it/bg/verdellino/;Verdellino;verdellino
http://www.meetup.com/cities/it/bg/verdello/;Verdello;verdello
http://www.meetup.com/cities/it/bg/vertova/;Vertova;vertova
http://www.meetup.com/cities/it/bg/viadanica/;Viadanica;viadanica
http://www.meetup.com/cities/it/bg/vigano_san_martino/;Vigano San Martino;vigano_san_martino
http://www.meetup.com/cities/it/bg/vigolo/;Vigolo;vigolo
http://www.meetup.com/cities/it/bg/villa_d%27adda/;Villa d'Adda;villa_d%27adda
http://www.meetup.com/cities/it/bg/villa_d%27alm%C3%A8/;Villa d'Almè;villa_d%27alm%C3%A8
http://www.meetup.com/cities/it/bg/villa_d%27ogna/;Villa d'Ogna;villa_d%27ogna
http://www.meetup.com/cities/it/bg/villa_di_serio/;Villa di Serio;villa_di_serio
http://www.meetup.com/cities/it/bg/villongo/;Villongo;villongo
http://www.meetup.com/cities/it/bg/vilminore_di_scalve/;Vilminore di Scalve;vilminore_di_scalve
http://www.meetup.com/cities/it/bg/zandobbio/;Zandobbio;zandobbio
http://www.meetup.com/cities/it/bg/zanica/;Zanica;zanica
http://www.meetup.com/cities/it/bg/zogno/;Zogno;zogno
