http://www.meetup.com/cities/ca/on/acton/;Acton;acton
http://www.meetup.com/cities/ca/on/addison/;Addison;addison
http://www.meetup.com/cities/ca/on/ahmic_harbour/;Ahmic Harbour;ahmic_harbour
http://www.meetup.com/cities/ca/on/ailsa_craig/;Ailsa Craig;ailsa_craig
http://www.meetup.com/cities/ca/on/ajax/;Ajax;ajax
http://www.meetup.com/cities/ca/on/akwesasne/;Akwesasne;akwesasne
http://www.meetup.com/cities/ca/on/alban/;Alban;alban
http://www.meetup.com/cities/ca/on/alberton/;Alberton;alberton
http://www.meetup.com/cities/ca/on/alexandria/;Alexandria;alexandria
http://www.meetup.com/cities/ca/on/alfred/;Alfred;alfred
http://www.meetup.com/cities/ca/on/algoma_mills/;Algoma Mills;algoma_mills
http://www.meetup.com/cities/ca/on/allanburg/;Allanburg;allanburg
http://www.meetup.com/cities/ca/on/allenford/;Allenford;allenford
http://www.meetup.com/cities/ca/on/alliston/;Alliston;alliston
http://www.meetup.com/cities/ca/on/alma/;Alma;alma
http://www.meetup.com/cities/ca/on/almonte/;Almonte;almonte
http://www.meetup.com/cities/ca/on/alton/;Alton;alton
http://www.meetup.com/cities/ca/on/alvinston/;Alvinston;alvinston
http://www.meetup.com/cities/ca/on/ameliasburg/;Ameliasburg;ameliasburg
http://www.meetup.com/cities/ca/on/amherstburg/;Amherstburg;amherstburg
http://www.meetup.com/cities/ca/on/amherstview/;Amherstview;amherstview
http://www.meetup.com/cities/ca/on/ancaster/;Ancaster;ancaster
http://www.meetup.com/cities/ca/on/angling_lake/;Angling Lake;angling_lake
http://www.meetup.com/cities/ca/on/angus/;Angus;angus
http://www.meetup.com/cities/ca/on/annan/;Annan;annan
http://www.meetup.com/cities/ca/on/appin/;Appin;appin
http://www.meetup.com/cities/ca/on/apple_hill/;Apple Hill;apple_hill
http://www.meetup.com/cities/ca/on/apsley/;Apsley;apsley
http://www.meetup.com/cities/ca/on/arden/;Arden;arden
http://www.meetup.com/cities/ca/on/ardoch/;Ardoch;ardoch
http://www.meetup.com/cities/ca/on/ariss/;Ariss;ariss
http://www.meetup.com/cities/ca/on/arkell/;Arkell;arkell
http://www.meetup.com/cities/ca/on/arkona/;Arkona;arkona
http://www.meetup.com/cities/ca/on/armstrong_station/;Armstrong Station;armstrong_station
http://www.meetup.com/cities/ca/on/arnprior/;Arnprior;arnprior
http://www.meetup.com/cities/ca/on/arnstein/;Arnstein;arnstein
http://www.meetup.com/cities/ca/on/aroland/;Aroland;aroland
http://www.meetup.com/cities/ca/on/arthur/;Arthur;arthur
http://www.meetup.com/cities/ca/on/arva/;Arva;arva
http://www.meetup.com/cities/ca/on/ashburn/;Ashburn;ashburn
http://www.meetup.com/cities/ca/on/ashton/;Ashton;ashton
http://www.meetup.com/cities/ca/on/astorville/;Astorville;astorville
http://www.meetup.com/cities/ca/on/astra/;Astra;astra
http://www.meetup.com/cities/ca/on/athens/;Athens;athens
http://www.meetup.com/cities/ca/on/atikokan/;Atikokan;atikokan
http://www.meetup.com/cities/ca/on/attawapiskat/;Attawapiskat;attawapiskat
http://www.meetup.com/cities/ca/on/atwood/;Atwood;atwood
http://www.meetup.com/cities/ca/on/auburn/;Auburn;auburn
http://www.meetup.com/cities/ca/on/aurora/;Aurora;aurora
http://www.meetup.com/cities/ca/on/avonmore/;Avonmore;avonmore
http://www.meetup.com/cities/ca/on/aylmer/;Aylmer;aylmer
http://www.meetup.com/cities/ca/on/ayr/;Ayr;ayr
http://www.meetup.com/cities/ca/on/ayton/;Ayton;ayton
http://www.meetup.com/cities/ca/on/azilda/;Azilda;azilda
http://www.meetup.com/cities/ca/on/baden/;Baden;baden
http://www.meetup.com/cities/ca/on/badjeros/;Badjeros;badjeros
http://www.meetup.com/cities/ca/on/bailieboro/;Bailieboro;bailieboro
http://www.meetup.com/cities/ca/on/bainsville/;Bainsville;bainsville
http://www.meetup.com/cities/ca/on/bala/;Bala;bala
http://www.meetup.com/cities/ca/on/balderson/;Balderson;balderson
http://www.meetup.com/cities/ca/on/baldwin/;Baldwin;baldwin
http://www.meetup.com/cities/ca/on/ballinafad/;Ballinafad;ballinafad
http://www.meetup.com/cities/ca/on/balmertown/;Balmertown;balmertown
http://www.meetup.com/cities/ca/on/baltimore/;Baltimore;baltimore
http://www.meetup.com/cities/ca/on/bancroft/;Bancroft;bancroft
http://www.meetup.com/cities/ca/on/barrie/;Barrie;barrie
http://www.meetup.com/cities/ca/on/barrys_bay/;Barrys Bay;barrys_bay
http://www.meetup.com/cities/ca/on/barwick/;Barwick;barwick
http://www.meetup.com/cities/ca/on/batawa/;Batawa;batawa
http://www.meetup.com/cities/ca/on/batchawana_bay/;Batchawana Bay;batchawana_bay
http://www.meetup.com/cities/ca/on/bath/;Bath;bath
http://www.meetup.com/cities/ca/on/battersea/;Battersea;battersea
http://www.meetup.com/cities/ca/on/bayfield/;Bayfield;bayfield
http://www.meetup.com/cities/ca/on/baysville/;Baysville;baysville
http://www.meetup.com/cities/ca/on/beachburg/;Beachburg;beachburg
http://www.meetup.com/cities/ca/on/beachville/;Beachville;beachville
http://www.meetup.com/cities/ca/on/beamsville/;Beamsville;beamsville
http://www.meetup.com/cities/ca/on/beardmore/;Beardmore;beardmore
http://www.meetup.com/cities/ca/on/bear_island/;Bear Island;bear_island
http://www.meetup.com/cities/ca/on/bearskin_lake/;Bearskin Lake;bearskin_lake
http://www.meetup.com/cities/ca/on/beaumaris/;Beaumaris;beaumaris
http://www.meetup.com/cities/ca/on/beaverton/;Beaverton;beaverton
http://www.meetup.com/cities/ca/on/beeton/;Beeton;beeton
http://www.meetup.com/cities/ca/on/belfountain/;Belfountain;belfountain
http://www.meetup.com/cities/ca/on/belgrave/;Belgrave;belgrave
http://www.meetup.com/cities/ca/on/belle_ewart/;Belle Ewart;belle_ewart
http://www.meetup.com/cities/ca/on/belle_river/;Belle River;belle_river
http://www.meetup.com/cities/ca/on/belle_vall%C3%A9e/;Belle Vallée;belle_vall%C3%A9e
http://www.meetup.com/cities/ca/on/belleville/;Belleville;belleville
http://www.meetup.com/cities/ca/on/belmont/;Belmont;belmont
http://www.meetup.com/cities/ca/on/belwood/;Belwood;belwood
http://www.meetup.com/cities/ca/on/berkeley/;Berkeley;berkeley
http://www.meetup.com/cities/ca/on/berwick/;Berwick;berwick
http://www.meetup.com/cities/ca/on/bethany/;Bethany;bethany
http://www.meetup.com/cities/ca/on/bewdley/;Bewdley;bewdley
http://www.meetup.com/cities/ca/on/big_trout_lake/;Big Trout Lake;big_trout_lake
http://www.meetup.com/cities/ca/on/binbrook/;Binbrook;binbrook
http://www.meetup.com/cities/ca/on/birch_island/;Birch Island;birch_island
http://www.meetup.com/cities/ca/on/biscotasing/;Biscotasing;biscotasing
http://www.meetup.com/cities/ca/on/bissett_creek/;Bissett Creek;bissett_creek
http://www.meetup.com/cities/ca/on/black_creek_village/;Black Creek Village;black_creek_village
http://www.meetup.com/cities/ca/on/blackstock/;Blackstock;blackstock
http://www.meetup.com/cities/ca/on/blenheim/;Blenheim;blenheim
http://www.meetup.com/cities/ca/on/blezard_valley/;Blezard Valley;blezard_valley
http://www.meetup.com/cities/ca/on/blind_river/;Blind River;blind_river
http://www.meetup.com/cities/ca/on/bloomfield/;Bloomfield;bloomfield
http://www.meetup.com/cities/ca/on/bloomingdale/;Bloomingdale;bloomingdale
http://www.meetup.com/cities/ca/on/blue_mountains/;Blue Mountains;blue_mountains
http://www.meetup.com/cities/ca/on/bluevale/;Bluevale;bluevale
http://www.meetup.com/cities/ca/on/blyth/;Blyth;blyth
http://www.meetup.com/cities/ca/on/blytheswood/;Blytheswood;blytheswood
http://www.meetup.com/cities/ca/on/bobcaygeon/;Bobcaygeon;bobcaygeon
http://www.meetup.com/cities/ca/on/bognor/;Bognor;bognor
http://www.meetup.com/cities/ca/on/bolsover/;Bolsover;bolsover
http://www.meetup.com/cities/ca/on/bolton/;Bolton;bolton
http://www.meetup.com/cities/ca/on/bond_head/;Bond Head;bond_head
http://www.meetup.com/cities/ca/on/bonfield/;Bonfield;bonfield
http://www.meetup.com/cities/ca/on/borden/;Borden;borden
http://www.meetup.com/cities/ca/on/bornholm/;Bornholm;bornholm
http://www.meetup.com/cities/ca/on/bothwell/;Bothwell;bothwell
http://www.meetup.com/cities/ca/on/boulter/;Boulter;boulter
http://www.meetup.com/cities/ca/on/bourget/;Bourget;bourget
http://www.meetup.com/cities/ca/on/bowmanville/;Bowmanville;bowmanville
http://www.meetup.com/cities/ca/on/bracebridge/;Bracebridge;bracebridge
http://www.meetup.com/cities/ca/on/bradford/;Bradford;bradford
http://www.meetup.com/cities/ca/on/braeside/;Braeside;braeside
http://www.meetup.com/cities/ca/on/brampton/;Brampton;brampton
http://www.meetup.com/cities/ca/on/branchton/;Branchton;branchton
http://www.meetup.com/cities/ca/on/brantford/;Brantford;brantford
http://www.meetup.com/cities/ca/on/brechin/;Brechin;brechin
http://www.meetup.com/cities/ca/on/breslau/;Breslau;breslau
http://www.meetup.com/cities/ca/on/bridgenorth/;Bridgenorth;bridgenorth
http://www.meetup.com/cities/ca/on/brigden/;Brigden;brigden
http://www.meetup.com/cities/ca/on/bright/;Bright;bright
http://www.meetup.com/cities/ca/on/bright%27s_grove/;Bright's Grove;bright%27s_grove
http://www.meetup.com/cities/ca/on/brighton/;Brighton;brighton
http://www.meetup.com/cities/ca/on/brinston/;Brinston;brinston
http://www.meetup.com/cities/ca/on/britt/;Britt;britt
http://www.meetup.com/cities/ca/on/brockville/;Brockville;brockville
http://www.meetup.com/cities/ca/on/brodhagen/;Brodhagen;brodhagen
http://www.meetup.com/cities/ca/on/brougham/;Brougham;brougham
http://www.meetup.com/cities/ca/on/brownsville/;Brownsville;brownsville
http://www.meetup.com/cities/ca/on/brucefield/;Brucefield;brucefield
http://www.meetup.com/cities/ca/on/bruce_mines/;Bruce Mines;bruce_mines
http://www.meetup.com/cities/ca/on/brunner/;Brunner;brunner
http://www.meetup.com/cities/ca/on/brussels/;Brussels;brussels
http://www.meetup.com/cities/ca/on/buckhorn/;Buckhorn;buckhorn
http://www.meetup.com/cities/ca/on/burford/;Burford;burford
http://www.meetup.com/cities/ca/on/burgessville/;Burgessville;burgessville
http://www.meetup.com/cities/ca/on/burks_falls/;Burks Falls;burks_falls
http://www.meetup.com/cities/ca/on/burleigh_falls/;Burleigh Falls;burleigh_falls
http://www.meetup.com/cities/ca/on/burlington/;Burlington;burlington
http://www.meetup.com/cities/ca/on/burnstown/;Burnstown;burnstown
http://www.meetup.com/cities/ca/on/burnt_river/;Burnt River;burnt_river
http://www.meetup.com/cities/ca/on/burritts_rapids/;Burritts Rapids;burritts_rapids
http://www.meetup.com/cities/ca/on/byng_inlet/;Byng Inlet;byng_inlet
http://www.meetup.com/cities/ca/on/cache_bay/;Cache Bay;cache_bay
http://www.meetup.com/cities/ca/on/caesarea/;Caesarea;caesarea
http://www.meetup.com/cities/ca/on/caistor_centre/;Caistor Centre;caistor_centre
http://www.meetup.com/cities/ca/on/calabogie/;Calabogie;calabogie
http://www.meetup.com/cities/ca/on/caledon/;Caledon;caledon
http://www.meetup.com/cities/ca/on/caledon_east/;Caledon East;caledon_east
http://www.meetup.com/cities/ca/on/caledonia/;Caledonia;caledonia
http://www.meetup.com/cities/ca/on/caledon_village/;Caledon Village;caledon_village
http://www.meetup.com/cities/ca/on/callander/;Callander;callander
http://www.meetup.com/cities/ca/on/calstock/;Calstock;calstock
http://www.meetup.com/cities/ca/on/cambray/;Cambray;cambray
http://www.meetup.com/cities/ca/on/cambridge/;Cambridge;cambridge
http://www.meetup.com/cities/ca/on/camden_east/;Camden East;camden_east
http://www.meetup.com/cities/ca/on/cameron/;Cameron;cameron
http://www.meetup.com/cities/ca/on/camlachie/;Camlachie;camlachie
http://www.meetup.com/cities/ca/on/campbellcroft/;Campbellcroft;campbellcroft
http://www.meetup.com/cities/ca/on/campbellford/;Campbellford;campbellford
http://www.meetup.com/cities/ca/on/campbellville/;Campbellville;campbellville
http://www.meetup.com/cities/ca/on/campden/;Campden;campden
http://www.meetup.com/cities/ca/on/canfield/;Canfield;canfield
http://www.meetup.com/cities/ca/on/cannifton/;Cannifton;cannifton
http://www.meetup.com/cities/ca/on/cannington/;Cannington;cannington
http://www.meetup.com/cities/ca/on/capreol/;Capreol;capreol
http://www.meetup.com/cities/ca/on/caramat/;Caramat;caramat
http://www.meetup.com/cities/ca/on/cardiff/;Cardiff;cardiff
http://www.meetup.com/cities/ca/on/cardinal/;Cardinal;cardinal
http://www.meetup.com/cities/ca/on/cargill/;Cargill;cargill
http://www.meetup.com/cities/ca/on/carleton_place/;Carleton Place;carleton_place
http://www.meetup.com/cities/ca/on/carlisle/;Carlisle;carlisle
http://www.meetup.com/cities/ca/on/carlsbad_springs/;Carlsbad Springs;carlsbad_springs
http://www.meetup.com/cities/ca/on/carnarvon/;Carnarvon;carnarvon
http://www.meetup.com/cities/ca/on/carp/;Carp;carp
http://www.meetup.com/cities/ca/on/carrying_place/;Carrying Place;carrying_place
http://www.meetup.com/cities/ca/on/cartier/;Cartier;cartier
http://www.meetup.com/cities/ca/on/casselman/;Casselman;casselman
http://www.meetup.com/cities/ca/on/castleton/;Castleton;castleton
http://www.meetup.com/cities/ca/on/cathcart/;Cathcart;cathcart
http://www.meetup.com/cities/ca/on/cat_lake/;Cat Lake;cat_lake
http://www.meetup.com/cities/ca/on/cavan/;Cavan;cavan
http://www.meetup.com/cities/ca/on/cayuga/;Cayuga;cayuga
http://www.meetup.com/cities/ca/on/cedar_point/;Cedar Point;cedar_point
http://www.meetup.com/cities/ca/on/cedar_springs/;Cedar Springs;cedar_springs
http://www.meetup.com/cities/ca/on/cedar_valley/;Cedar Valley;cedar_valley
http://www.meetup.com/cities/ca/on/centralia/;Centralia;centralia
http://www.meetup.com/cities/ca/on/centreville/;Centreville;centreville
http://www.meetup.com/cities/ca/on/chalk_river/;Chalk River;chalk_river
http://www.meetup.com/cities/ca/on/chapleau/;Chapleau;chapleau
http://www.meetup.com/cities/ca/on/chaput_hughes/;Chaput Hughes;chaput_hughes
http://www.meetup.com/cities/ca/on/charing_cross/;Charing Cross;charing_cross
http://www.meetup.com/cities/ca/on/charlton/;Charlton;charlton
http://www.meetup.com/cities/ca/on/chatham/;Chatham;chatham
http://www.meetup.com/cities/ca/on/chatsworth/;Chatsworth;chatsworth
http://www.meetup.com/cities/ca/on/chelmsford/;Chelmsford;chelmsford
http://www.meetup.com/cities/ca/on/cheltenham/;Cheltenham;cheltenham
http://www.meetup.com/cities/ca/on/chepstow/;Chepstow;chepstow
http://www.meetup.com/cities/ca/on/cherry_valley/;Cherry Valley;cherry_valley
http://www.meetup.com/cities/ca/on/chesley/;Chesley;chesley
http://www.meetup.com/cities/ca/on/chesterville/;Chesterville;chesterville
http://www.meetup.com/cities/ca/on/churchill/;Churchill;churchill
http://www.meetup.com/cities/ca/on/chute_a_blondeau/;Chute a Blondeau;chute_a_blondeau
http://www.meetup.com/cities/ca/on/claremont/;Claremont;claremont
http://www.meetup.com/cities/ca/on/clarence_creek/;Clarence Creek;clarence_creek
http://www.meetup.com/cities/ca/on/clarendon_station/;Clarendon Station;clarendon_station
http://www.meetup.com/cities/ca/on/clarksburg/;Clarksburg;clarksburg
http://www.meetup.com/cities/ca/on/clayton/;Clayton;clayton
http://www.meetup.com/cities/ca/on/clear_creek/;Clear Creek;clear_creek
http://www.meetup.com/cities/ca/on/clearwater_bay/;Clearwater Bay;clearwater_bay
http://www.meetup.com/cities/ca/on/clifford/;Clifford;clifford
http://www.meetup.com/cities/ca/on/clinton/;Clinton;clinton
http://www.meetup.com/cities/ca/on/cloyne/;Cloyne;cloyne
http://www.meetup.com/cities/ca/on/coatsworth_station/;Coatsworth Station;coatsworth_station
http://www.meetup.com/cities/ca/on/cobalt/;Cobalt;cobalt
http://www.meetup.com/cities/ca/on/cobden/;Cobden;cobden
http://www.meetup.com/cities/ca/on/coboconk/;Coboconk;coboconk
http://www.meetup.com/cities/ca/on/cobourg/;Cobourg;cobourg
http://www.meetup.com/cities/ca/on/cochenour/;Cochenour;cochenour
http://www.meetup.com/cities/ca/on/cochrane/;Cochrane;cochrane
http://www.meetup.com/cities/ca/on/codrington/;Codrington;codrington
http://www.meetup.com/cities/ca/on/coe_hill/;Coe Hill;coe_hill
http://www.meetup.com/cities/ca/on/colborne/;Colborne;colborne
http://www.meetup.com/cities/ca/on/coldwater/;Coldwater;coldwater
http://www.meetup.com/cities/ca/on/collingwood/;Collingwood;collingwood
http://www.meetup.com/cities/ca/on/collins/;Collins;collins
http://www.meetup.com/cities/ca/on/comber/;Comber;comber
http://www.meetup.com/cities/ca/on/combermere/;Combermere;combermere
http://www.meetup.com/cities/ca/on/commanda/;Commanda;commanda
http://www.meetup.com/cities/ca/on/concord/;Concord;concord
http://www.meetup.com/cities/ca/on/conestogo/;Conestogo;conestogo
http://www.meetup.com/cities/ca/on/coniston/;Coniston;coniston
http://www.meetup.com/cities/ca/on/conn/;Conn;conn
http://www.meetup.com/cities/ca/on/connaught/;Connaught;connaught
http://www.meetup.com/cities/ca/on/consecon/;Consecon;consecon
http://www.meetup.com/cities/ca/on/cookstown/;Cookstown;cookstown
http://www.meetup.com/cities/ca/on/copetown/;Copetown;copetown
http://www.meetup.com/cities/ca/on/copper_cliff/;Copper Cliff;copper_cliff
http://www.meetup.com/cities/ca/on/corbeil/;Corbeil;corbeil
http://www.meetup.com/cities/ca/on/corbyville/;Corbyville;corbyville
http://www.meetup.com/cities/ca/on/cormac/;Cormac;cormac
http://www.meetup.com/cities/ca/on/cornwall/;Cornwall;cornwall
http://www.meetup.com/cities/ca/on/corunna/;Corunna;corunna
http://www.meetup.com/cities/ca/on/cottam/;Cottam;cottam
http://www.meetup.com/cities/ca/on/courtice/;Courtice;courtice
http://www.meetup.com/cities/ca/on/courtland/;Courtland;courtland
http://www.meetup.com/cities/ca/on/courtright/;Courtright;courtright
http://www.meetup.com/cities/ca/on/crediton/;Crediton;crediton
http://www.meetup.com/cities/ca/on/creemore/;Creemore;creemore
http://www.meetup.com/cities/ca/on/croton/;Croton;croton
http://www.meetup.com/cities/ca/on/crysler/;Crysler;crysler
http://www.meetup.com/cities/ca/on/crystal_beach/;Crystal Beach;crystal_beach
http://www.meetup.com/cities/ca/on/crystal_falls/;Crystal Falls;crystal_falls
http://www.meetup.com/cities/ca/on/cumberland/;Cumberland;cumberland
http://www.meetup.com/cities/ca/on/cumberland_beach/;Cumberland Beach;cumberland_beach
http://www.meetup.com/cities/ca/on/curran/;Curran;curran
http://www.meetup.com/cities/ca/on/curve_lake/;Curve Lake;curve_lake
http://www.meetup.com/cities/ca/on/cutler/;Cutler;cutler
http://www.meetup.com/cities/ca/on/dacre/;Dacre;dacre
http://www.meetup.com/cities/ca/on/dalkeith/;Dalkeith;dalkeith
http://www.meetup.com/cities/ca/on/dashwood/;Dashwood;dashwood
http://www.meetup.com/cities/ca/on/deep_river/;Deep River;deep_river
http://www.meetup.com/cities/ca/on/deer_lake/;Deer Lake;deer_lake
http://www.meetup.com/cities/ca/on/delaware/;Delaware;delaware
http://www.meetup.com/cities/ca/on/delhi/;Delhi;delhi
http://www.meetup.com/cities/ca/on/delta/;Delta;delta
http://www.meetup.com/cities/ca/on/demorestville/;Demorestville;demorestville
http://www.meetup.com/cities/ca/on/denbigh/;Denbigh;denbigh
http://www.meetup.com/cities/ca/on/denfield/;Denfield;denfield
http://www.meetup.com/cities/ca/on/desbarats/;Desbarats;desbarats
http://www.meetup.com/cities/ca/on/desboro/;Desboro;desboro
http://www.meetup.com/cities/ca/on/deseronto/;Deseronto;deseronto
http://www.meetup.com/cities/ca/on/deux_rivi%C3%A8res/;Deux Rivières;deux_rivi%C3%A8res
http://www.meetup.com/cities/ca/on/devlin/;Devlin;devlin
http://www.meetup.com/cities/ca/on/dinorwic/;Dinorwic;dinorwic
http://www.meetup.com/cities/ca/on/dobbinton/;Dobbinton;dobbinton
http://www.meetup.com/cities/ca/on/dobie/;Dobie;dobie
http://www.meetup.com/cities/ca/on/dorchester/;Dorchester;dorchester
http://www.meetup.com/cities/ca/on/dorion/;Dorion;dorion
http://www.meetup.com/cities/ca/on/dorset/;Dorset;dorset
http://www.meetup.com/cities/ca/on/douglas/;Douglas;douglas
http://www.meetup.com/cities/ca/on/douro/;Douro;douro
http://www.meetup.com/cities/ca/on/dover_centre/;Dover Centre;dover_centre
http://www.meetup.com/cities/ca/on/dowling/;Dowling;dowling
http://www.meetup.com/cities/ca/on/drayton/;Drayton;drayton
http://www.meetup.com/cities/ca/on/dresden/;Dresden;dresden
http://www.meetup.com/cities/ca/on/driftwood/;Driftwood;driftwood
http://www.meetup.com/cities/ca/on/drumbo/;Drumbo;drumbo
http://www.meetup.com/cities/ca/on/dryden/;Dryden;dryden
http://www.meetup.com/cities/ca/on/duart/;Duart;duart
http://www.meetup.com/cities/ca/on/dublin/;Dublin;dublin
http://www.meetup.com/cities/ca/on/dubreuilville/;Dubreuilville;dubreuilville
http://www.meetup.com/cities/ca/on/dunchurch/;Dunchurch;dunchurch
http://www.meetup.com/cities/ca/on/dundalk/;Dundalk;dundalk
http://www.meetup.com/cities/ca/on/dundas/;Dundas;dundas
http://www.meetup.com/cities/ca/on/dungannon/;Dungannon;dungannon
http://www.meetup.com/cities/ca/on/dunnville/;Dunnville;dunnville
http://www.meetup.com/cities/ca/on/dunrobin/;Dunrobin;dunrobin
http://www.meetup.com/cities/ca/on/dunsford/;Dunsford;dunsford
http://www.meetup.com/cities/ca/on/duntroon/;Duntroon;duntroon
http://www.meetup.com/cities/ca/on/dunvegan/;Dunvegan;dunvegan
http://www.meetup.com/cities/ca/on/durham/;Durham;durham
http://www.meetup.com/cities/ca/on/dutton/;Dutton;dutton
http://www.meetup.com/cities/ca/on/dwight/;Dwight;dwight
http://www.meetup.com/cities/ca/on/eabamet_lake/;Eabamet Lake;eabamet_lake
http://www.meetup.com/cities/ca/on/eagle_lake/;Eagle Lake;eagle_lake
http://www.meetup.com/cities/ca/on/eagle_river/;Eagle River;eagle_river
http://www.meetup.com/cities/ca/on/ear_falls/;Ear Falls;ear_falls
http://www.meetup.com/cities/ca/on/earlton/;Earlton;earlton
http://www.meetup.com/cities/ca/on/east_gwillimbury/;East Gwillimbury;east_gwillimbury
http://www.meetup.com/cities/ca/on/east_york/;East York;east_york
http://www.meetup.com/cities/ca/on/echo_bay/;Echo Bay;echo_bay
http://www.meetup.com/cities/ca/on/eden/;Eden;eden
http://www.meetup.com/cities/ca/on/eden_mills/;Eden Mills;eden_mills
http://www.meetup.com/cities/ca/on/edwards/;Edwards;edwards
http://www.meetup.com/cities/ca/on/eganville/;Eganville;eganville
http://www.meetup.com/cities/ca/on/egbert/;Egbert;egbert
http://www.meetup.com/cities/ca/on/egmondville/;Egmondville;egmondville
http://www.meetup.com/cities/ca/on/eldorado/;Eldorado;eldorado
http://www.meetup.com/cities/ca/on/elgin/;Elgin;elgin
http://www.meetup.com/cities/ca/on/elginburg/;Elginburg;elginburg
http://www.meetup.com/cities/ca/on/elizabethtown/;Elizabethtown;elizabethtown
http://www.meetup.com/cities/ca/on/elk_lake/;Elk Lake;elk_lake
http://www.meetup.com/cities/ca/on/elliot_lake/;Elliot Lake;elliot_lake
http://www.meetup.com/cities/ca/on/elmira/;Elmira;elmira
http://www.meetup.com/cities/ca/on/elmvale/;Elmvale;elmvale
http://www.meetup.com/cities/ca/on/elmwood/;Elmwood;elmwood
http://www.meetup.com/cities/ca/on/elora/;Elora;elora
http://www.meetup.com/cities/ca/on/embro/;Embro;embro
http://www.meetup.com/cities/ca/on/embrun/;Embrun;embrun
http://www.meetup.com/cities/ca/on/emeryville/;Emeryville;emeryville
http://www.meetup.com/cities/ca/on/emo/;Emo;emo
http://www.meetup.com/cities/ca/on/emsdale/;Emsdale;emsdale
http://www.meetup.com/cities/ca/on/englehart/;Englehart;englehart
http://www.meetup.com/cities/ca/on/ennismore/;Ennismore;ennismore
http://www.meetup.com/cities/ca/on/enterprise/;Enterprise;enterprise
http://www.meetup.com/cities/ca/on/erieau/;Erieau;erieau
http://www.meetup.com/cities/ca/on/erin/;Erin;erin
http://www.meetup.com/cities/ca/on/erinsville/;Erinsville;erinsville
http://www.meetup.com/cities/ca/on/espanola/;Espanola;espanola
http://www.meetup.com/cities/ca/on/essex/;Essex;essex
http://www.meetup.com/cities/ca/on/%C3%A9thel/;Éthel;%C3%A9thel
http://www.meetup.com/cities/ca/on/etobicoke/;Etobicoke;etobicoke
http://www.meetup.com/cities/ca/on/evansville/;Evansville;evansville
http://www.meetup.com/cities/ca/on/everett/;Everett;everett
http://www.meetup.com/cities/ca/on/exeter/;Exeter;exeter
http://www.meetup.com/cities/ca/on/falconbridge/;Falconbridge;falconbridge
http://www.meetup.com/cities/ca/on/fauquier/;Fauquier;fauquier
http://www.meetup.com/cities/ca/on/fenelon_falls/;Fenelon Falls;fenelon_falls
http://www.meetup.com/cities/ca/on/fenwick/;Fenwick;fenwick
http://www.meetup.com/cities/ca/on/fergus/;Fergus;fergus
http://www.meetup.com/cities/ca/on/feversham/;Feversham;feversham
http://www.meetup.com/cities/ca/on/field/;Field;field
http://www.meetup.com/cities/ca/on/finch/;Finch;finch
http://www.meetup.com/cities/ca/on/fingal/;Fingal;fingal
http://www.meetup.com/cities/ca/on/fisherville/;Fisherville;fisherville
http://www.meetup.com/cities/ca/on/fitzroy_harbour/;Fitzroy Harbour;fitzroy_harbour
http://www.meetup.com/cities/ca/on/flesherton/;Flesherton;flesherton
http://www.meetup.com/cities/ca/on/flinton/;Flinton;flinton
http://www.meetup.com/cities/ca/on/floradale/;Floradale;floradale
http://www.meetup.com/cities/ca/on/florence/;Florence;florence
http://www.meetup.com/cities/ca/on/foleyet/;Foleyet;foleyet
http://www.meetup.com/cities/ca/on/fonthill/;Fonthill;fonthill
http://www.meetup.com/cities/ca/on/fordwich/;Fordwich;fordwich
http://www.meetup.com/cities/ca/on/forest/;Forest;forest
http://www.meetup.com/cities/ca/on/foresters_falls/;Foresters Falls;foresters_falls
http://www.meetup.com/cities/ca/on/formosa/;Formosa;formosa
http://www.meetup.com/cities/ca/on/fort_albany/;Fort Albany;fort_albany
http://www.meetup.com/cities/ca/on/fort_erie/;Fort Erie;fort_erie
http://www.meetup.com/cities/ca/on/fort_frances/;Fort Frances;fort_frances
http://www.meetup.com/cities/ca/on/fort_irwin/;Fort Irwin;fort_irwin
http://www.meetup.com/cities/ca/on/fort_severn/;Fort Severn;fort_severn
http://www.meetup.com/cities/ca/on/fournier/;Fournier;fournier
http://www.meetup.com/cities/ca/on/foxboro/;Foxboro;foxboro
http://www.meetup.com/cities/ca/on/foymount/;Foymount;foymount
http://www.meetup.com/cities/ca/on/frankford/;Frankford;frankford
http://www.meetup.com/cities/ca/on/frankville/;Frankville;frankville
http://www.meetup.com/cities/ca/on/fraserville/;Fraserville;fraserville
http://www.meetup.com/cities/ca/on/frederickhouse/;Frederickhouse;frederickhouse
http://www.meetup.com/cities/ca/on/freelton/;Freelton;freelton
http://www.meetup.com/cities/ca/on/fullarton/;Fullarton;fullarton
http://www.meetup.com/cities/ca/on/gads_hill_station/;Gads Hill Station;gads_hill_station
http://www.meetup.com/cities/ca/on/gananoque/;Gananoque;gananoque
http://www.meetup.com/cities/ca/on/garden_river/;Garden River;garden_river
http://www.meetup.com/cities/ca/on/garden_village/;Garden Village;garden_village
http://www.meetup.com/cities/ca/on/garson/;Garson;garson
http://www.meetup.com/cities/ca/on/gatineau/;Gatineau;gatineau
http://www.meetup.com/cities/ca/on/georgetown/;Georgetown;georgetown
http://www.meetup.com/cities/ca/on/geraldton/;Geraldton;geraldton
http://www.meetup.com/cities/ca/on/gilford/;Gilford;gilford
http://www.meetup.com/cities/ca/on/gilmour/;Gilmour;gilmour
http://www.meetup.com/cities/ca/on/glenburnie/;Glenburnie;glenburnie
http://www.meetup.com/cities/ca/on/glencairn/;Glencairn;glencairn
http://www.meetup.com/cities/ca/on/glencoe/;Glencoe;glencoe
http://www.meetup.com/cities/ca/on/glen_huron/;Glen Huron;glen_huron
http://www.meetup.com/cities/ca/on/glen_morris/;Glen Morris;glen_morris
http://www.meetup.com/cities/ca/on/glen_robertson/;Glen Robertson;glen_robertson
http://www.meetup.com/cities/ca/on/gloucester/;Gloucester;gloucester
http://www.meetup.com/cities/ca/on/goderich/;Goderich;goderich
http://www.meetup.com/cities/ca/on/godfrey/;Godfrey;godfrey
http://www.meetup.com/cities/ca/on/gogama/;Gogama;gogama
http://www.meetup.com/cities/ca/on/golden_lake/;Golden Lake;golden_lake
http://www.meetup.com/cities/ca/on/golden_valley/;Golden Valley;golden_valley
http://www.meetup.com/cities/ca/on/gooderham/;Gooderham;gooderham
http://www.meetup.com/cities/ca/on/goodwood/;Goodwood;goodwood
http://www.meetup.com/cities/ca/on/gore_bay/;Gore Bay;gore_bay
http://www.meetup.com/cities/ca/on/gores_landing/;Gores Landing;gores_landing
http://www.meetup.com/cities/ca/on/gormley/;Gormley;gormley
http://www.meetup.com/cities/ca/on/gorrie/;Gorrie;gorrie
http://www.meetup.com/cities/ca/on/goulais_river/;Goulais River;goulais_river
http://www.meetup.com/cities/ca/on/gowanstown/;Gowanstown;gowanstown
http://www.meetup.com/cities/ca/on/gowganda/;Gowganda;gowganda
http://www.meetup.com/cities/ca/on/grafton/;Grafton;grafton
http://www.meetup.com/cities/ca/on/graham/;Graham;graham
http://www.meetup.com/cities/ca/on/grand_bend/;Grand Bend;grand_bend
http://www.meetup.com/cities/ca/on/grande_pointe/;Grande Pointe;grande_pointe
http://www.meetup.com/cities/ca/on/grand_valley/;Grand Valley;grand_valley
http://www.meetup.com/cities/ca/on/granton/;Granton;granton
http://www.meetup.com/cities/ca/on/grassie/;Grassie;grassie
http://www.meetup.com/cities/ca/on/grassy_narrows/;Grassy Narrows;grassy_narrows
http://www.meetup.com/cities/ca/on/gravenhurst/;Gravenhurst;gravenhurst
http://www.meetup.com/cities/ca/on/greely/;Greely;greely
http://www.meetup.com/cities/ca/on/greenbank/;Greenbank;greenbank
http://www.meetup.com/cities/ca/on/green_valley/;Green Valley;green_valley
http://www.meetup.com/cities/ca/on/greenwood/;Greenwood;greenwood
http://www.meetup.com/cities/ca/on/griffith/;Griffith;griffith
http://www.meetup.com/cities/ca/on/grimsby/;Grimsby;grimsby
http://www.meetup.com/cities/ca/on/guelph/;Guelph;guelph
http://www.meetup.com/cities/ca/on/gull_bay/;Gull Bay;gull_bay
http://www.meetup.com/cities/ca/on/hagar/;Hagar;hagar
http://www.meetup.com/cities/ca/on/hagersville/;Hagersville;hagersville
http://www.meetup.com/cities/ca/on/haileybury/;Haileybury;haileybury
http://www.meetup.com/cities/ca/on/haley_station/;Haley Station;haley_station
http://www.meetup.com/cities/ca/on/haliburton/;Haliburton;haliburton
http://www.meetup.com/cities/ca/on/hallebourg/;Hallebourg;hallebourg
http://www.meetup.com/cities/ca/on/hamilton/;Hamilton;hamilton
http://www.meetup.com/cities/ca/on/hammond/;Hammond;hammond
http://www.meetup.com/cities/ca/on/hampton/;Hampton;hampton
http://www.meetup.com/cities/ca/on/hanmer/;Hanmer;hanmer
http://www.meetup.com/cities/ca/on/hannon/;Hannon;hannon
http://www.meetup.com/cities/ca/on/hanover/;Hanover;hanover
http://www.meetup.com/cities/ca/on/harcourt/;Harcourt;harcourt
http://www.meetup.com/cities/ca/on/harley/;Harley;harley
http://www.meetup.com/cities/ca/on/harrietsville/;Harrietsville;harrietsville
http://www.meetup.com/cities/ca/on/harriston/;Harriston;harriston
http://www.meetup.com/cities/ca/on/harrow/;Harrow;harrow
http://www.meetup.com/cities/ca/on/harrowsmith/;Harrowsmith;harrowsmith
http://www.meetup.com/cities/ca/on/hartington/;Hartington;hartington
http://www.meetup.com/cities/ca/on/harty/;Harty;harty
http://www.meetup.com/cities/ca/on/harwood/;Harwood;harwood
http://www.meetup.com/cities/ca/on/hastings/;Hastings;hastings
http://www.meetup.com/cities/ca/on/havelock/;Havelock;havelock
http://www.meetup.com/cities/ca/on/hawkesbury/;Hawkesbury;hawkesbury
http://www.meetup.com/cities/ca/on/hawkestone/;Hawkestone;hawkestone
http://www.meetup.com/cities/ca/on/hawkesville/;Hawkesville;hawkesville
http://www.meetup.com/cities/ca/on/hawk_junction/;Hawk Junction;hawk_junction
http://www.meetup.com/cities/ca/on/hay/;Hay;hay
http://www.meetup.com/cities/ca/on/hearst/;Hearst;hearst
http://www.meetup.com/cities/ca/on/heathcote/;Heathcote;heathcote
http://www.meetup.com/cities/ca/on/heidelberg/;Heidelberg;heidelberg
http://www.meetup.com/cities/ca/on/hensall/;Hensall;hensall
http://www.meetup.com/cities/ca/on/hepworth/;Hepworth;hepworth
http://www.meetup.com/cities/ca/on/heron_bay/;Heron Bay;heron_bay
http://www.meetup.com/cities/ca/on/hickson/;Hickson;hickson
http://www.meetup.com/cities/ca/on/highgate/;Highgate;highgate
http://www.meetup.com/cities/ca/on/highland_grove/;Highland Grove;highland_grove
http://www.meetup.com/cities/ca/on/hilliardton/;Hilliardton;hilliardton
http://www.meetup.com/cities/ca/on/hillier/;Hillier;hillier
http://www.meetup.com/cities/ca/on/hillsburgh/;Hillsburgh;hillsburgh
http://www.meetup.com/cities/ca/on/hillsdale/;Hillsdale;hillsdale
http://www.meetup.com/cities/ca/on/hilton_beach/;Hilton Beach;hilton_beach
http://www.meetup.com/cities/ca/on/holland_centre/;Holland Centre;holland_centre
http://www.meetup.com/cities/ca/on/holland_landing/;Holland Landing;holland_landing
http://www.meetup.com/cities/ca/on/holstein/;Holstein;holstein
http://www.meetup.com/cities/ca/on/holtyre/;Holtyre;holtyre
http://www.meetup.com/cities/ca/on/holyrood/;Holyrood;holyrood
http://www.meetup.com/cities/ca/on/honey_harbour/;Honey Harbour;honey_harbour
http://www.meetup.com/cities/ca/on/honeywood/;Honeywood;honeywood
http://www.meetup.com/cities/ca/on/hornby/;Hornby;hornby
http://www.meetup.com/cities/ca/on/hornell_heights/;Hornell Heights;hornell_heights
http://www.meetup.com/cities/ca/on/hornepayne/;Hornepayne;hornepayne
http://www.meetup.com/cities/ca/on/hornings_mills/;Hornings Mills;hornings_mills
http://www.meetup.com/cities/ca/on/hudson/;Hudson;hudson
http://www.meetup.com/cities/ca/on/hunta/;Hunta;hunta
http://www.meetup.com/cities/ca/on/huntsville/;Huntsville;huntsville
http://www.meetup.com/cities/ca/on/huron_park/;Huron Park;huron_park
http://www.meetup.com/cities/ca/on/ignace/;Ignace;ignace
http://www.meetup.com/cities/ca/on/ilderton/;Ilderton;ilderton
http://www.meetup.com/cities/ca/on/indian_river/;Indian River;indian_river
http://www.meetup.com/cities/ca/on/ingersoll/;Ingersoll;ingersoll
http://www.meetup.com/cities/ca/on/ingleside/;Ingleside;ingleside
http://www.meetup.com/cities/ca/on/inglewood/;Inglewood;inglewood
http://www.meetup.com/cities/ca/on/ingolf/;Ingolf;ingolf
http://www.meetup.com/cities/ca/on/inkerman/;Inkerman;inkerman
http://www.meetup.com/cities/ca/on/innerkip/;Innerkip;innerkip
http://www.meetup.com/cities/ca/on/innisfil/;Innisfil;innisfil
http://www.meetup.com/cities/ca/on/inverary/;Inverary;inverary
http://www.meetup.com/cities/ca/on/inwood/;Inwood;inwood
http://www.meetup.com/cities/ca/on/iona_station/;Iona Station;iona_station
http://www.meetup.com/cities/ca/on/iron_bridge/;Iron Bridge;iron_bridge
http://www.meetup.com/cities/ca/on/irondale/;Irondale;irondale
http://www.meetup.com/cities/ca/on/iroquois/;Iroquois;iroquois
http://www.meetup.com/cities/ca/on/iroquois_falls/;Iroquois Falls;iroquois_falls
http://www.meetup.com/cities/ca/on/iroquois_falls_a/;Iroquois Falls a;iroquois_falls_a
http://www.meetup.com/cities/ca/on/jacksons_point/;Jacksons Point;jacksons_point
http://www.meetup.com/cities/ca/on/janetville/;Janetville;janetville
http://www.meetup.com/cities/ca/on/jarvis/;Jarvis;jarvis
http://www.meetup.com/cities/ca/on/jasper/;Jasper;jasper
http://www.meetup.com/cities/ca/on/jellicoe/;Jellicoe;jellicoe
http://www.meetup.com/cities/ca/on/jerseyville/;Jerseyville;jerseyville
http://www.meetup.com/cities/ca/on/jogues/;Jogues;jogues
http://www.meetup.com/cities/ca/on/jordan_station/;Jordan Station;jordan_station
http://www.meetup.com/cities/ca/on/joyceville/;Joyceville;joyceville
http://www.meetup.com/cities/ca/on/juniper_island/;Juniper Island;juniper_island
http://www.meetup.com/cities/ca/on/kagawong/;Kagawong;kagawong
http://www.meetup.com/cities/ca/on/kakabeka_falls/;Kakabeka Falls;kakabeka_falls
http://www.meetup.com/cities/ca/on/kaladar/;Kaladar;kaladar
http://www.meetup.com/cities/ca/on/kaministiquia/;Kaministiquia;kaministiquia
http://www.meetup.com/cities/ca/on/kanata/;Kanata;kanata
http://www.meetup.com/cities/ca/on/kapuskasing/;Kapuskasing;kapuskasing
http://www.meetup.com/cities/ca/on/kars/;Kars;kars
http://www.meetup.com/cities/ca/on/kasabonika/;Kasabonika;kasabonika
http://www.meetup.com/cities/ca/on/kashabowie/;Kashabowie;kashabowie
http://www.meetup.com/cities/ca/on/kashechewan/;Kashechewan;kashechewan
http://www.meetup.com/cities/ca/on/katrine/;Katrine;katrine
http://www.meetup.com/cities/ca/on/kawartha_park/;Kawartha Park;kawartha_park
http://www.meetup.com/cities/ca/on/kearney/;Kearney;kearney
http://www.meetup.com/cities/ca/on/kearns/;Kearns;kearns
http://www.meetup.com/cities/ca/on/keene/;Keene;keene
http://www.meetup.com/cities/ca/on/keewatin/;Keewatin;keewatin
http://www.meetup.com/cities/ca/on/keewaywin/;Keewaywin;keewaywin
http://www.meetup.com/cities/ca/on/kejick/;Kejick;kejick
http://www.meetup.com/cities/ca/on/kemble/;Kemble;kemble
http://www.meetup.com/cities/ca/on/kemptville/;Kemptville;kemptville
http://www.meetup.com/cities/ca/on/kenabeek/;Kenabeek;kenabeek
http://www.meetup.com/cities/ca/on/kendal/;Kendal;kendal
http://www.meetup.com/cities/ca/on/kenilworth/;Kenilworth;kenilworth
http://www.meetup.com/cities/ca/on/kenmore/;Kenmore;kenmore
http://www.meetup.com/cities/ca/on/kenora/;Kenora;kenora
http://www.meetup.com/cities/ca/on/kent_bridge/;Kent Bridge;kent_bridge
http://www.meetup.com/cities/ca/on/kerwood/;Kerwood;kerwood
http://www.meetup.com/cities/ca/on/keswick/;Keswick;keswick
http://www.meetup.com/cities/ca/on/kettleby/;Kettleby;kettleby
http://www.meetup.com/cities/ca/on/kilbride/;Kilbride;kilbride
http://www.meetup.com/cities/ca/on/killaloe/;Killaloe;killaloe
http://www.meetup.com/cities/ca/on/killarney/;Killarney;killarney
http://www.meetup.com/cities/ca/on/kilworthy/;Kilworthy;kilworthy
http://www.meetup.com/cities/ca/on/kimberley/;Kimberley;kimberley
http://www.meetup.com/cities/ca/on/kinburn/;Kinburn;kinburn
http://www.meetup.com/cities/ca/on/kincardine/;Kincardine;kincardine
http://www.meetup.com/cities/ca/on/king_city/;King City;king_city
http://www.meetup.com/cities/ca/on/kingfisher_lake/;Kingfisher Lake;kingfisher_lake
http://www.meetup.com/cities/ca/on/king_kirkland/;King Kirkland;king_kirkland
http://www.meetup.com/cities/ca/on/kingston/;Kingston;kingston
http://www.meetup.com/cities/ca/on/kingsville/;Kingsville;kingsville
http://www.meetup.com/cities/ca/on/kinmount/;Kinmount;kinmount
http://www.meetup.com/cities/ca/on/kintore/;Kintore;kintore
http://www.meetup.com/cities/ca/on/kippen/;Kippen;kippen
http://www.meetup.com/cities/ca/on/kirkfield/;Kirkfield;kirkfield
http://www.meetup.com/cities/ca/on/kirkland_lake/;Kirkland Lake;kirkland_lake
http://www.meetup.com/cities/ca/on/kirkton/;Kirkton;kirkton
http://www.meetup.com/cities/ca/on/kitchener/;Kitchener;kitchener
http://www.meetup.com/cities/ca/on/kleinburg/;Kleinburg;kleinburg
http://www.meetup.com/cities/ca/on/komoka/;Komoka;komoka
http://www.meetup.com/cities/ca/on/l%27amable/;L'Amable;l%27amable
http://www.meetup.com/cities/ca/on/l%27orignal/;L'Orignal;l%27orignal
http://www.meetup.com/cities/ca/on/lac_seul/;Lac Seul;lac_seul
http://www.meetup.com/cities/ca/on/lakefield/;Lakefield;lakefield
http://www.meetup.com/cities/ca/on/lakehurst/;Lakehurst;lakehurst
http://www.meetup.com/cities/ca/on/lakeside/;Lakeside;lakeside
http://www.meetup.com/cities/ca/on/lake_st_peter/;Lake St Peter;lake_st_peter
http://www.meetup.com/cities/ca/on/lanark/;Lanark;lanark
http://www.meetup.com/cities/ca/on/lancaster/;Lancaster;lancaster
http://www.meetup.com/cities/ca/on/langton/;Langton;langton
http://www.meetup.com/cities/ca/on/lansdowne/;Lansdowne;lansdowne
http://www.meetup.com/cities/ca/on/lansdowne_house/;Lansdowne House;lansdowne_house
http://www.meetup.com/cities/ca/on/larder_lake/;Larder Lake;larder_lake
http://www.meetup.com/cities/ca/on/la_salette/;La Salette;la_salette
http://www.meetup.com/cities/ca/on/lasalle/;Lasalle;lasalle
http://www.meetup.com/cities/ca/on/latchford/;Latchford;latchford
http://www.meetup.com/cities/ca/on/laurel/;Laurel;laurel
http://www.meetup.com/cities/ca/on/lavigne/;Lavigne;lavigne
http://www.meetup.com/cities/ca/on/leamington/;Leamington;leamington
http://www.meetup.com/cities/ca/on/leaskdale/;Leaskdale;leaskdale
http://www.meetup.com/cities/ca/on/lefaivre/;Lefaivre;lefaivre
http://www.meetup.com/cities/ca/on/lefroy/;Lefroy;lefroy
http://www.meetup.com/cities/ca/on/leith/;Leith;leith
http://www.meetup.com/cities/ca/on/levack/;Levack;levack
http://www.meetup.com/cities/ca/on/limehouse/;Limehouse;limehouse
http://www.meetup.com/cities/ca/on/limoges/;Limoges;limoges
http://www.meetup.com/cities/ca/on/lindsay/;Lindsay;lindsay
http://www.meetup.com/cities/ca/on/linwood/;Linwood;linwood
http://www.meetup.com/cities/ca/on/lions_head/;Lions Head;lions_head
http://www.meetup.com/cities/ca/on/lisle/;Lisle;lisle
http://www.meetup.com/cities/ca/on/listowel/;Listowel;listowel
http://www.meetup.com/cities/ca/on/little_britain/;Little Britain;little_britain
http://www.meetup.com/cities/ca/on/little_current/;Little Current;little_current
http://www.meetup.com/cities/ca/on/lively/;Lively;lively
http://www.meetup.com/cities/ca/on/lochlin/;Lochlin;lochlin
http://www.meetup.com/cities/ca/on/locust_hill/;Locust Hill;locust_hill
http://www.meetup.com/cities/ca/on/lombardy/;Lombardy;lombardy
http://www.meetup.com/cities/ca/on/londesborough/;Londesborough;londesborough
http://www.meetup.com/cities/ca/on/london/;London;london
http://www.meetup.com/cities/ca/on/longbow_lake/;Longbow Lake;longbow_lake
http://www.meetup.com/cities/ca/on/longford_mills/;Longford Mills;longford_mills
http://www.meetup.com/cities/ca/on/longlac/;Longlac;longlac
http://www.meetup.com/cities/ca/on/long_sault/;Long Sault;long_sault
http://www.meetup.com/cities/ca/on/loretto/;Loretto;loretto
http://www.meetup.com/cities/ca/on/loring/;Loring;loring
http://www.meetup.com/cities/ca/on/lowbanks/;Lowbanks;lowbanks
http://www.meetup.com/cities/ca/on/lucan/;Lucan;lucan
http://www.meetup.com/cities/ca/on/lucknow/;Lucknow;lucknow
http://www.meetup.com/cities/ca/on/lunenburg/;Lunenburg;lunenburg
http://www.meetup.com/cities/ca/on/lyn/;Lyn;lyn
http://www.meetup.com/cities/ca/on/lynden/;Lynden;lynden
http://www.meetup.com/cities/ca/on/lyndhurst/;Lyndhurst;lyndhurst
http://www.meetup.com/cities/ca/on/m%27chigeeng/;M'Chigeeng;m%27chigeeng
http://www.meetup.com/cities/ca/on/maberly/;Maberly;maberly
http://www.meetup.com/cities/ca/on/macdiarmid/;Macdiarmid;macdiarmid
http://www.meetup.com/cities/ca/on/mackey/;Mackey;mackey
http://www.meetup.com/cities/ca/on/mactier/;Mactier;mactier
http://www.meetup.com/cities/ca/on/madawaska/;Madawaska;madawaska
http://www.meetup.com/cities/ca/on/madoc/;Madoc;madoc
http://www.meetup.com/cities/ca/on/madsen/;Madsen;madsen
http://www.meetup.com/cities/ca/on/magnetawan/;Magnetawan;magnetawan
http://www.meetup.com/cities/ca/on/maidstone/;Maidstone;maidstone
http://www.meetup.com/cities/ca/on/maitland/;Maitland;maitland
http://www.meetup.com/cities/ca/on/mallorytown/;Mallorytown;mallorytown
http://www.meetup.com/cities/ca/on/manilla/;Manilla;manilla
http://www.meetup.com/cities/ca/on/manitouwadge/;Manitouwadge;manitouwadge
http://www.meetup.com/cities/ca/on/manitowaning/;Manitowaning;manitowaning
http://www.meetup.com/cities/ca/on/manotick/;Manotick;manotick
http://www.meetup.com/cities/ca/on/mansfield/;Mansfield;mansfield
http://www.meetup.com/cities/ca/on/maple/;Maple;maple
http://www.meetup.com/cities/ca/on/maple_leaf/;Maple Leaf;maple_leaf
http://www.meetup.com/cities/ca/on/mar/;Mar;mar
http://www.meetup.com/cities/ca/on/marathon/;Marathon;marathon
http://www.meetup.com/cities/ca/on/markdale/;Markdale;markdale
http://www.meetup.com/cities/ca/on/markham/;Markham;markham
http://www.meetup.com/cities/ca/on/markstay/;Markstay;markstay
http://www.meetup.com/cities/ca/on/marlbank/;Marlbank;marlbank
http://www.meetup.com/cities/ca/on/marmora/;Marmora;marmora
http://www.meetup.com/cities/ca/on/marten_river/;Marten River;marten_river
http://www.meetup.com/cities/ca/on/martintown/;Martintown;martintown
http://www.meetup.com/cities/ca/on/maryhill/;Maryhill;maryhill
http://www.meetup.com/cities/ca/on/marysville/;Marysville;marysville
http://www.meetup.com/cities/ca/on/massey/;Massey;massey
http://www.meetup.com/cities/ca/on/matachewan/;Matachewan;matachewan
http://www.meetup.com/cities/ca/on/matheson/;Matheson;matheson
http://www.meetup.com/cities/ca/on/mattawa/;Mattawa;mattawa
http://www.meetup.com/cities/ca/on/mattice/;Mattice;mattice
http://www.meetup.com/cities/ca/on/maxville/;Maxville;maxville
http://www.meetup.com/cities/ca/on/maxwell/;Maxwell;maxwell
http://www.meetup.com/cities/ca/on/maynooth/;Maynooth;maynooth
http://www.meetup.com/cities/ca/on/mcarthurs_mills/;McArthurs Mills;mcarthurs_mills
http://www.meetup.com/cities/ca/on/mcdonalds_corners/;McDonalds Corners;mcdonalds_corners
http://www.meetup.com/cities/ca/on/mcgregor/;McGregor;mcgregor
http://www.meetup.com/cities/ca/on/mckellar/;McKellar;mckellar
http://www.meetup.com/cities/ca/on/mckenzie_island/;McKenzie Island;mckenzie_island
http://www.meetup.com/cities/ca/on/mckerrow/;McKerrow;mckerrow
http://www.meetup.com/cities/ca/on/meaford/;Meaford;meaford
http://www.meetup.com/cities/ca/on/melbourne/;Melbourne;melbourne
http://www.meetup.com/cities/ca/on/meldrum_bay/;Meldrum Bay;meldrum_bay
http://www.meetup.com/cities/ca/on/merlin/;Merlin;merlin
http://www.meetup.com/cities/ca/on/merrickville/;Merrickville;merrickville
http://www.meetup.com/cities/ca/on/metcalfe/;Metcalfe;metcalfe
http://www.meetup.com/cities/ca/on/midhurst/;Midhurst;midhurst
http://www.meetup.com/cities/ca/on/midland/;Midland;midland
http://www.meetup.com/cities/ca/on/migisi_sahgaigan/;Migisi Sahgaigan;migisi_sahgaigan
http://www.meetup.com/cities/ca/on/mildmay/;Mildmay;mildmay
http://www.meetup.com/cities/ca/on/milford/;Milford;milford
http://www.meetup.com/cities/ca/on/milford_bay/;Milford Bay;milford_bay
http://www.meetup.com/cities/ca/on/millbank/;Millbank;millbank
http://www.meetup.com/cities/ca/on/millbrook/;Millbrook;millbrook
http://www.meetup.com/cities/ca/on/miller_lake/;Miller Lake;miller_lake
http://www.meetup.com/cities/ca/on/millgrove/;Millgrove;millgrove
http://www.meetup.com/cities/ca/on/milton/;Milton;milton
http://www.meetup.com/cities/ca/on/milverton/;Milverton;milverton
http://www.meetup.com/cities/ca/on/minaki/;Minaki;minaki
http://www.meetup.com/cities/ca/on/mindemoya/;Mindemoya;mindemoya
http://www.meetup.com/cities/ca/on/minden/;Minden;minden
http://www.meetup.com/cities/ca/on/mine_centre/;Mine Centre;mine_centre
http://www.meetup.com/cities/ca/on/minesing/;Minesing;minesing
http://www.meetup.com/cities/ca/on/minett/;Minett;minett
http://www.meetup.com/cities/ca/on/minnitaki/;Minnitaki;minnitaki
http://www.meetup.com/cities/ca/on/missanabie/;Missanabie;missanabie
http://www.meetup.com/cities/ca/on/mississauga/;Mississauga;mississauga
http://www.meetup.com/cities/ca/on/mississippi_station/;Mississippi Station;mississippi_station
http://www.meetup.com/cities/ca/on/mitchell/;Mitchell;mitchell
http://www.meetup.com/cities/ca/on/mobert/;Mobert;mobert
http://www.meetup.com/cities/ca/on/moffat/;Moffat;moffat
http://www.meetup.com/cities/ca/on/monetville/;Monetville;monetville
http://www.meetup.com/cities/ca/on/monkland/;Monkland;monkland
http://www.meetup.com/cities/ca/on/monkton/;Monkton;monkton
http://www.meetup.com/cities/ca/on/monteith/;Monteith;monteith
http://www.meetup.com/cities/ca/on/montreal_river_harbour/;Montreal River Harbour;montreal_river_harbour
http://www.meetup.com/cities/ca/on/moonbeam/;Moonbeam;moonbeam
http://www.meetup.com/cities/ca/on/moonstone/;Moonstone;moonstone
http://www.meetup.com/cities/ca/on/mooretown/;Mooretown;mooretown
http://www.meetup.com/cities/ca/on/moose_creek/;Moose Creek;moose_creek
http://www.meetup.com/cities/ca/on/moose_factory/;Moose Factory;moose_factory
http://www.meetup.com/cities/ca/on/moosonee/;Moosonee;moosonee
http://www.meetup.com/cities/ca/on/morewood/;Morewood;morewood
http://www.meetup.com/cities/ca/on/morpeth/;Morpeth;morpeth
http://www.meetup.com/cities/ca/on/morrisburg/;Morrisburg;morrisburg
http://www.meetup.com/cities/ca/on/morriston/;Morriston;morriston
http://www.meetup.com/cities/ca/on/morson/;Morson;morson
http://www.meetup.com/cities/ca/on/mossley/;Mossley;mossley
http://www.meetup.com/cities/ca/on/mountain/;Mountain;mountain
http://www.meetup.com/cities/ca/on/mountain_grove/;Mountain Grove;mountain_grove
http://www.meetup.com/cities/ca/on/mount_albert/;Mount Albert;mount_albert
http://www.meetup.com/cities/ca/on/mount_brydges/;Mount Brydges;mount_brydges
http://www.meetup.com/cities/ca/on/mount_elgin/;Mount Elgin;mount_elgin
http://www.meetup.com/cities/ca/on/mount_forest/;Mount Forest;mount_forest
http://www.meetup.com/cities/ca/on/mount_hope/;Mount Hope;mount_hope
http://www.meetup.com/cities/ca/on/mount_pleasant/;Mount Pleasant;mount_pleasant
http://www.meetup.com/cities/ca/on/muirkirk/;Muirkirk;muirkirk
http://www.meetup.com/cities/ca/on/muncey/;Muncey;muncey
http://www.meetup.com/cities/ca/on/munster/;Munster;munster
http://www.meetup.com/cities/ca/on/murillo/;Murillo;murillo
http://www.meetup.com/cities/ca/on/muskrat_dam/;Muskrat Dam;muskrat_dam
http://www.meetup.com/cities/ca/on/nairn_centre/;Nairn Centre;nairn_centre
http://www.meetup.com/cities/ca/on/nakina/;Nakina;nakina
http://www.meetup.com/cities/ca/on/nanticoke/;Nanticoke;nanticoke
http://www.meetup.com/cities/ca/on/napanee/;Napanee;napanee
http://www.meetup.com/cities/ca/on/naughton/;Naughton;naughton
http://www.meetup.com/cities/ca/on/navan/;Navan;navan
http://www.meetup.com/cities/ca/on/neebing/;Neebing;neebing
http://www.meetup.com/cities/ca/on/nepean/;Nepean;nepean
http://www.meetup.com/cities/ca/on/nestleton_station/;Nestleton Station;nestleton_station
http://www.meetup.com/cities/ca/on/nestor_falls/;Nestor Falls;nestor_falls
http://www.meetup.com/cities/ca/on/neustadt/;Neustadt;neustadt
http://www.meetup.com/cities/ca/on/newboro/;Newboro;newboro
http://www.meetup.com/cities/ca/on/newburgh/;Newburgh;newburgh
http://www.meetup.com/cities/ca/on/newbury/;Newbury;newbury
http://www.meetup.com/cities/ca/on/newcastle/;Newcastle;newcastle
http://www.meetup.com/cities/ca/on/new_dundee/;New Dundee;new_dundee
http://www.meetup.com/cities/ca/on/new_hamburg/;New Hamburg;new_hamburg
http://www.meetup.com/cities/ca/on/newington/;Newington;newington
http://www.meetup.com/cities/ca/on/new_liskeard/;New Liskeard;new_liskeard
http://www.meetup.com/cities/ca/on/new_lowell/;New Lowell;new_lowell
http://www.meetup.com/cities/ca/on/newmarket/;Newmarket;newmarket
http://www.meetup.com/cities/ca/on/newton/;Newton;newton
http://www.meetup.com/cities/ca/on/newtonville/;Newtonville;newtonville
http://www.meetup.com/cities/ca/on/niagara_falls/;Niagara Falls;niagara_falls
http://www.meetup.com/cities/ca/on/niagara_on_the_lake/;Niagara on the Lake;niagara_on_the_lake
http://www.meetup.com/cities/ca/on/nipigon/;Nipigon;nipigon
http://www.meetup.com/cities/ca/on/nipissing/;Nipissing;nipissing
http://www.meetup.com/cities/ca/on/nobel/;Nobel;nobel
http://www.meetup.com/cities/ca/on/nobleton/;Nobleton;nobleton
http://www.meetup.com/cities/ca/on/noelville/;Noelville;noelville
http://www.meetup.com/cities/ca/on/nolalu/;Nolalu;nolalu
http://www.meetup.com/cities/ca/on/norland/;Norland;norland
http://www.meetup.com/cities/ca/on/north_augusta/;North Augusta;north_augusta
http://www.meetup.com/cities/ca/on/north_bay/;North Bay;north_bay
http://www.meetup.com/cities/ca/on/northbrook/;Northbrook;northbrook
http://www.meetup.com/cities/ca/on/north_buxton/;North Buxton;north_buxton
http://www.meetup.com/cities/ca/on/north_cobalt/;North Cobalt;north_cobalt
http://www.meetup.com/cities/ca/on/north_gower/;North Gower;north_gower
http://www.meetup.com/cities/ca/on/north_lancaster/;North Lancaster;north_lancaster
http://www.meetup.com/cities/ca/on/north_spirit_lake/;North Spirit Lake;north_spirit_lake
http://www.meetup.com/cities/ca/on/north_york/;North York;north_york
http://www.meetup.com/cities/ca/on/norval/;Norval;norval
http://www.meetup.com/cities/ca/on/norwich/;Norwich;norwich
http://www.meetup.com/cities/ca/on/norwood/;Norwood;norwood
http://www.meetup.com/cities/ca/on/nottawa/;Nottawa;nottawa
http://www.meetup.com/cities/ca/on/novar/;Novar;novar
http://www.meetup.com/cities/ca/on/oakland/;Oakland;oakland
http://www.meetup.com/cities/ca/on/oakville/;Oakville;oakville
http://www.meetup.com/cities/ca/on/oakwood/;Oakwood;oakwood
http://www.meetup.com/cities/ca/on/oba/;Oba;oba
http://www.meetup.com/cities/ca/on/odessa/;Odessa;odessa
http://www.meetup.com/cities/ca/on/ogoki/;Ogoki;ogoki
http://www.meetup.com/cities/ca/on/ohsweken/;Ohsweken;ohsweken
http://www.meetup.com/cities/ca/on/oil_city/;Oil City;oil_city
http://www.meetup.com/cities/ca/on/oil_springs/;Oil Springs;oil_springs
http://www.meetup.com/cities/ca/on/oldcastle/;Oldcastle;oldcastle
http://www.meetup.com/cities/ca/on/omemee/;Omemee;omemee
http://www.meetup.com/cities/ca/on/ompah/;Ompah;ompah
http://www.meetup.com/cities/ca/on/onaping/;Onaping;onaping
http://www.meetup.com/cities/ca/on/opasatika/;Opasatika;opasatika
http://www.meetup.com/cities/ca/on/orangeville/;Orangeville;orangeville
http://www.meetup.com/cities/ca/on/orillia/;Orillia;orillia
http://www.meetup.com/cities/ca/on/orl%C3%A9ans/;Orléans;orl%C3%A9ans
http://www.meetup.com/cities/ca/on/oro/;Oro;oro
http://www.meetup.com/cities/ca/on/orono/;Orono;orono
http://www.meetup.com/cities/ca/on/oro_station/;Oro Station;oro_station
http://www.meetup.com/cities/ca/on/orton/;Orton;orton
http://www.meetup.com/cities/ca/on/osgoode/;Osgoode;osgoode
http://www.meetup.com/cities/ca/on/oshawa/;Oshawa;oshawa
http://www.meetup.com/cities/ca/on/osnaburgh_house/;Osnaburgh House;osnaburgh_house
http://www.meetup.com/cities/ca/on/ottawa/;Ottawa;ottawa
http://www.meetup.com/cities/ca/on/otterville/;Otterville;otterville
http://www.meetup.com/cities/ca/on/owen_sound/;Owen Sound;owen_sound
http://www.meetup.com/cities/ca/on/oxdrift/;Oxdrift;oxdrift
http://www.meetup.com/cities/ca/on/oxford_mills/;Oxford Mills;oxford_mills
http://www.meetup.com/cities/ca/on/oxford_station/;Oxford Station;oxford_station
http://www.meetup.com/cities/ca/on/pain_court/;Pain Court;pain_court
http://www.meetup.com/cities/ca/on/paisley/;Paisley;paisley
http://www.meetup.com/cities/ca/on/pakenham/;Pakenham;pakenham
http://www.meetup.com/cities/ca/on/palgrave/;Palgrave;palgrave
http://www.meetup.com/cities/ca/on/palmer_rapids/;Palmer Rapids;palmer_rapids
http://www.meetup.com/cities/ca/on/palmerston/;Palmerston;palmerston
http://www.meetup.com/cities/ca/on/parham/;Parham;parham
http://www.meetup.com/cities/ca/on/paris/;Paris;paris
http://www.meetup.com/cities/ca/on/parkhill/;Parkhill;parkhill
http://www.meetup.com/cities/ca/on/parry_sound/;Parry Sound;parry_sound
http://www.meetup.com/cities/ca/on/pass_lake/;Pass Lake;pass_lake
http://www.meetup.com/cities/ca/on/pawitik/;Pawitik;pawitik
http://www.meetup.com/cities/ca/on/pays_plat/;Pays Plat;pays_plat
http://www.meetup.com/cities/ca/on/peawanuck/;Peawanuck;peawanuck
http://www.meetup.com/cities/ca/on/pefferlaw/;Pefferlaw;pefferlaw
http://www.meetup.com/cities/ca/on/pelee_island/;Pelee Island;pelee_island
http://www.meetup.com/cities/ca/on/pembroke/;Pembroke;pembroke
http://www.meetup.com/cities/ca/on/penetanguishene/;Penetanguishene;penetanguishene
http://www.meetup.com/cities/ca/on/perkinsfield/;Perkinsfield;perkinsfield
http://www.meetup.com/cities/ca/on/perrault_falls/;Perrault Falls;perrault_falls
http://www.meetup.com/cities/ca/on/perth/;Perth;perth
http://www.meetup.com/cities/ca/on/perth_road/;Perth Road;perth_road
http://www.meetup.com/cities/ca/on/petawawa/;Petawawa;petawawa
http://www.meetup.com/cities/ca/on/peterborough/;Peterborough;peterborough
http://www.meetup.com/cities/ca/on/petersburg/;Petersburg;petersburg
http://www.meetup.com/cities/ca/on/petrolia/;Petrolia;petrolia
http://www.meetup.com/cities/ca/on/phelpston/;Phelpston;phelpston
http://www.meetup.com/cities/ca/on/pickerel/;Pickerel;pickerel
http://www.meetup.com/cities/ca/on/pickering/;Pickering;pickering
http://www.meetup.com/cities/ca/on/pickle_lake/;Pickle Lake;pickle_lake
http://www.meetup.com/cities/ca/on/picton/;Picton;picton
http://www.meetup.com/cities/ca/on/pikangikum/;Pikangikum;pikangikum
http://www.meetup.com/cities/ca/on/pinewood/;Pinewood;pinewood
http://www.meetup.com/cities/ca/on/plainfield/;Plainfield;plainfield
http://www.meetup.com/cities/ca/on/plantagenet/;Plantagenet;plantagenet
http://www.meetup.com/cities/ca/on/plattsville/;Plattsville;plattsville
http://www.meetup.com/cities/ca/on/plevna/;Plevna;plevna
http://www.meetup.com/cities/ca/on/pointe-au-baril-station/;Pointe-au-Baril-Station;pointe-au-baril-station
http://www.meetup.com/cities/ca/on/pointe_aux_roches/;Pointe aux Roches;pointe_aux_roches
http://www.meetup.com/cities/ca/on/point_edward/;Point Edward;point_edward
http://www.meetup.com/cities/ca/on/pontypool/;Pontypool;pontypool
http://www.meetup.com/cities/ca/on/poole/;Poole;poole
http://www.meetup.com/cities/ca/on/poplar_hill/;Poplar Hill;poplar_hill
http://www.meetup.com/cities/ca/on/porcupine/;Porcupine;porcupine
http://www.meetup.com/cities/ca/on/porquis_junction/;Porquis Junction;porquis_junction
http://www.meetup.com/cities/ca/on/port_alma/;Port Alma;port_alma
http://www.meetup.com/cities/ca/on/port_burwell/;Port Burwell;port_burwell
http://www.meetup.com/cities/ca/on/port_carling/;Port Carling;port_carling
http://www.meetup.com/cities/ca/on/port_colborne/;Port Colborne;port_colborne
http://www.meetup.com/cities/ca/on/port_dover/;Port Dover;port_dover
http://www.meetup.com/cities/ca/on/port_elgin/;Port Elgin;port_elgin
http://www.meetup.com/cities/ca/on/port_franks/;Port Franks;port_franks
http://www.meetup.com/cities/ca/on/port_hope/;Port Hope;port_hope
http://www.meetup.com/cities/ca/on/port_lambton/;Port Lambton;port_lambton
http://www.meetup.com/cities/ca/on/portland/;Portland;portland
http://www.meetup.com/cities/ca/on/port_loring/;Port Loring;port_loring
http://www.meetup.com/cities/ca/on/port_mcnicoll/;Port McNicoll;port_mcnicoll
http://www.meetup.com/cities/ca/on/port_perry/;Port Perry;port_perry
http://www.meetup.com/cities/ca/on/port_robinson/;Port Robinson;port_robinson
http://www.meetup.com/cities/ca/on/port_rowan/;Port Rowan;port_rowan
http://www.meetup.com/cities/ca/on/port_sandfield/;Port Sandfield;port_sandfield
http://www.meetup.com/cities/ca/on/port_severn/;Port Severn;port_severn
http://www.meetup.com/cities/ca/on/port_stanley/;Port Stanley;port_stanley
http://www.meetup.com/cities/ca/on/port_sydney/;Port Sydney;port_sydney
http://www.meetup.com/cities/ca/on/powassan/;Powassan;powassan
http://www.meetup.com/cities/ca/on/prescott/;Prescott;prescott
http://www.meetup.com/cities/ca/on/priceville/;Priceville;priceville
http://www.meetup.com/cities/ca/on/prince_albert/;Prince Albert;prince_albert
http://www.meetup.com/cities/ca/on/princeton/;Princeton;princeton
http://www.meetup.com/cities/ca/on/proton_station/;Proton Station;proton_station
http://www.meetup.com/cities/ca/on/providence_bay/;Providence Bay;providence_bay
http://www.meetup.com/cities/ca/on/puslinch/;Puslinch;puslinch
http://www.meetup.com/cities/ca/on/putnam/;Putnam;putnam
http://www.meetup.com/cities/ca/on/quadeville/;Quadeville;quadeville
http://www.meetup.com/cities/ca/on/queenston/;Queenston;queenston
http://www.meetup.com/cities/ca/on/queensville/;Queensville;queensville
http://www.meetup.com/cities/ca/on/rainy_river/;Rainy River;rainy_river
http://www.meetup.com/cities/ca/on/raith/;Raith;raith
http://www.meetup.com/cities/ca/on/rama/;Rama;rama
http://www.meetup.com/cities/ca/on/ramore/;Ramore;ramore
http://www.meetup.com/cities/ca/on/ramsayville/;Ramsayville;ramsayville
http://www.meetup.com/cities/ca/on/ramsey/;Ramsey;ramsey
http://www.meetup.com/cities/ca/on/ravenna/;Ravenna;ravenna
http://www.meetup.com/cities/ca/on/reaboro/;Reaboro;reaboro
http://www.meetup.com/cities/ca/on/redbridge/;Redbridge;redbridge
http://www.meetup.com/cities/ca/on/redditt/;Redditt;redditt
http://www.meetup.com/cities/ca/on/red_lake/;Red Lake;red_lake
http://www.meetup.com/cities/ca/on/red_rock/;Red Rock;red_rock
http://www.meetup.com/cities/ca/on/renfrew/;Renfrew;renfrew
http://www.meetup.com/cities/ca/on/restoule/;Restoule;restoule
http://www.meetup.com/cities/ca/on/richards_landing/;Richards Landing;richards_landing
http://www.meetup.com/cities/ca/on/richmond/;Richmond;richmond
http://www.meetup.com/cities/ca/on/richmond_hill/;Richmond Hill;richmond_hill
http://www.meetup.com/cities/ca/on/rideau_ferry/;Rideau Ferry;rideau_ferry
http://www.meetup.com/cities/ca/on/ridgetown/;Ridgetown;ridgetown
http://www.meetup.com/cities/ca/on/ridgeville/;Ridgeville;ridgeville
http://www.meetup.com/cities/ca/on/ridgeway/;Ridgeway;ridgeway
http://www.meetup.com/cities/ca/on/ripley/;Ripley;ripley
http://www.meetup.com/cities/ca/on/river_drive_park/;River Drive Park;river_drive_park
http://www.meetup.com/cities/ca/on/river_valley/;River Valley;river_valley
http://www.meetup.com/cities/ca/on/roblin/;Roblin;roblin
http://www.meetup.com/cities/ca/on/roches_point/;Roches Point;roches_point
http://www.meetup.com/cities/ca/on/rockcliffe/;Rockcliffe;rockcliffe
http://www.meetup.com/cities/ca/on/rockland/;Rockland;rockland
http://www.meetup.com/cities/ca/on/rockport/;Rockport;rockport
http://www.meetup.com/cities/ca/on/rockton/;Rockton;rockton
http://www.meetup.com/cities/ca/on/rockwood/;Rockwood;rockwood
http://www.meetup.com/cities/ca/on/rodney/;Rodney;rodney
http://www.meetup.com/cities/ca/on/rolphton/;Rolphton;rolphton
http://www.meetup.com/cities/ca/on/rosemont/;Rosemont;rosemont
http://www.meetup.com/cities/ca/on/roseneath/;Roseneath;roseneath
http://www.meetup.com/cities/ca/on/roslin/;Roslin;roslin
http://www.meetup.com/cities/ca/on/rosseau/;Rosseau;rosseau
http://www.meetup.com/cities/ca/on/rosseau_road/;Rosseau Road;rosseau_road
http://www.meetup.com/cities/ca/on/rossport/;Rossport;rossport
http://www.meetup.com/cities/ca/on/rostock/;Rostock;rostock
http://www.meetup.com/cities/ca/on/round_lake_centre/;Round Lake Centre;round_lake_centre
http://www.meetup.com/cities/ca/on/ruscom_station/;Ruscom Station;ruscom_station
http://www.meetup.com/cities/ca/on/russell/;Russell;russell
http://www.meetup.com/cities/ca/on/rutherglen/;Rutherglen;rutherglen
http://www.meetup.com/cities/ca/on/ruthven/;Ruthven;ruthven
http://www.meetup.com/cities/ca/on/sachigo_lake/;Sachigo Lake;sachigo_lake
http://www.meetup.com/cities/ca/on/saint-pascal-baylon/;Saint-Pascal-Baylon;saint-pascal-baylon
http://www.meetup.com/cities/ca/on/salford/;Salford;salford
http://www.meetup.com/cities/ca/on/sandford/;Sandford;sandford
http://www.meetup.com/cities/ca/on/sandy_lake/;Sandy Lake;sandy_lake
http://www.meetup.com/cities/ca/on/sarnia/;Sarnia;sarnia
http://www.meetup.com/cities/ca/on/sarsfield/;Sarsfield;sarsfield
http://www.meetup.com/cities/ca/on/sauble_beach/;Sauble Beach;sauble_beach
http://www.meetup.com/cities/ca/on/sault_ste._marie/;Sault Ste. Marie;sault_ste._marie
http://www.meetup.com/cities/ca/on/sault_ste_marie/;Sault Ste Marie;sault_ste_marie
http://www.meetup.com/cities/ca/on/savant_lake/;Savant Lake;savant_lake
http://www.meetup.com/cities/ca/on/scarborough/;Scarborough;scarborough
http://www.meetup.com/cities/ca/on/schomberg/;Schomberg;schomberg
http://www.meetup.com/cities/ca/on/schreiber/;Schreiber;schreiber
http://www.meetup.com/cities/ca/on/schumacher/;Schumacher;schumacher
http://www.meetup.com/cities/ca/on/scotland/;Scotland;scotland
http://www.meetup.com/cities/ca/on/seaforth/;Seaforth;seaforth
http://www.meetup.com/cities/ca/on/seagrave/;Seagrave;seagrave
http://www.meetup.com/cities/ca/on/searchmont/;Searchmont;searchmont
http://www.meetup.com/cities/ca/on/sebright/;Sebright;sebright
http://www.meetup.com/cities/ca/on/sebringville/;Sebringville;sebringville
http://www.meetup.com/cities/ca/on/seeleys_bay/;Seeleys Bay;seeleys_bay
http://www.meetup.com/cities/ca/on/selby/;Selby;selby
http://www.meetup.com/cities/ca/on/selkirk/;Selkirk;selkirk
http://www.meetup.com/cities/ca/on/serpent_river/;Serpent River;serpent_river
http://www.meetup.com/cities/ca/on/sesekinika/;Sesekinika;sesekinika
http://www.meetup.com/cities/ca/on/severn_bridge/;Severn Bridge;severn_bridge
http://www.meetup.com/cities/ca/on/shakespeare/;Shakespeare;shakespeare
http://www.meetup.com/cities/ca/on/shallow_lake/;Shallow Lake;shallow_lake
http://www.meetup.com/cities/ca/on/shannonville/;Shannonville;shannonville
http://www.meetup.com/cities/ca/on/shanty_bay/;Shanty Bay;shanty_bay
http://www.meetup.com/cities/ca/on/sharbot_lake/;Sharbot Lake;sharbot_lake
http://www.meetup.com/cities/ca/on/sharon/;Sharon;sharon
http://www.meetup.com/cities/ca/on/shebandowan/;Shebandowan;shebandowan
http://www.meetup.com/cities/ca/on/shedden/;Shedden;shedden
http://www.meetup.com/cities/ca/on/sheffield/;Sheffield;sheffield
http://www.meetup.com/cities/ca/on/sheguiandah/;Sheguiandah;sheguiandah
http://www.meetup.com/cities/ca/on/shelburne/;Shelburne;shelburne
http://www.meetup.com/cities/ca/on/sherkston/;Sherkston;sherkston
http://www.meetup.com/cities/ca/on/sheshegwaning/;Sheshegwaning;sheshegwaning
http://www.meetup.com/cities/ca/on/shining_tree/;Shining Tree;shining_tree
http://www.meetup.com/cities/ca/on/silver_water/;Silver Water;silver_water
http://www.meetup.com/cities/ca/on/simcoe/;Simcoe;simcoe
http://www.meetup.com/cities/ca/on/singhampton/;Singhampton;singhampton
http://www.meetup.com/cities/ca/on/sioux_lookout/;Sioux Lookout;sioux_lookout
http://www.meetup.com/cities/ca/on/sioux_narrows/;Sioux Narrows;sioux_narrows
http://www.meetup.com/cities/ca/on/skead/;Skead;skead
http://www.meetup.com/cities/ca/on/slate_falls/;Slate Falls;slate_falls
http://www.meetup.com/cities/ca/on/sleeman/;Sleeman;sleeman
http://www.meetup.com/cities/ca/on/smiths_falls/;Smiths Falls;smiths_falls
http://www.meetup.com/cities/ca/on/smithville/;Smithville;smithville
http://www.meetup.com/cities/ca/on/smooth_rock_falls/;Smooth Rock Falls;smooth_rock_falls
http://www.meetup.com/cities/ca/on/snow_road_station/;Snow Road Station;snow_road_station
http://www.meetup.com/cities/ca/on/sombra/;Sombra;sombra
http://www.meetup.com/cities/ca/on/southampton/;Southampton;southampton
http://www.meetup.com/cities/ca/on/south_baymouth/;South Baymouth;south_baymouth
http://www.meetup.com/cities/ca/on/south_gillies/;South Gillies;south_gillies
http://www.meetup.com/cities/ca/on/south_lancaster/;South Lancaster;south_lancaster
http://www.meetup.com/cities/ca/on/south_mountain/;South Mountain;south_mountain
http://www.meetup.com/cities/ca/on/south_porcupine/;South Porcupine;south_porcupine
http://www.meetup.com/cities/ca/on/south_river/;South River;south_river
http://www.meetup.com/cities/ca/on/southwold/;Southwold;southwold
http://www.meetup.com/cities/ca/on/south_woodslee/;South Woodslee;south_woodslee
http://www.meetup.com/cities/ca/on/spanish/;Spanish;spanish
http://www.meetup.com/cities/ca/on/sparta/;Sparta;sparta
http://www.meetup.com/cities/ca/on/spencerville/;Spencerville;spencerville
http://www.meetup.com/cities/ca/on/spragge/;Spragge;spragge
http://www.meetup.com/cities/ca/on/spring_bay/;Spring Bay;spring_bay
http://www.meetup.com/cities/ca/on/springbrook/;Springbrook;springbrook
http://www.meetup.com/cities/ca/on/springfield/;Springfield;springfield
http://www.meetup.com/cities/ca/on/springford/;Springford;springford
http://www.meetup.com/cities/ca/on/sprucedale/;Sprucedale;sprucedale
http://www.meetup.com/cities/ca/on/staffa/;Staffa;staffa
http://www.meetup.com/cities/ca/on/st_agatha/;St Agatha;st_agatha
http://www.meetup.com/cities/ca/on/st_albert/;St Albert;st_albert
http://www.meetup.com/cities/ca/on/st_andrews_west/;St Andrews West;st_andrews_west
http://www.meetup.com/cities/ca/on/st_anns/;St Anns;st_anns
http://www.meetup.com/cities/ca/on/staples/;Staples;staples
http://www.meetup.com/cities/ca/on/stayner/;Stayner;stayner
http://www.meetup.com/cities/ca/on/st_bernardin/;St Bernardin;st_bernardin
http://www.meetup.com/cities/ca/on/st_catharines/;St Catharines;st_catharines
http://www.meetup.com/cities/ca/on/st_charles/;St Charles;st_charles
http://www.meetup.com/cities/ca/on/st_clements/;St Clements;st_clements
http://www.meetup.com/cities/ca/on/st_davids/;St Davids;st_davids
http://www.meetup.com/cities/ca/on/ste_anne_de_prescott/;Ste Anne de Prescott;ste_anne_de_prescott
http://www.meetup.com/cities/ca/on/stella/;Stella;stella
http://www.meetup.com/cities/ca/on/st_eugene/;St Eugene;st_eugene
http://www.meetup.com/cities/ca/on/stevensville/;Stevensville;stevensville
http://www.meetup.com/cities/ca/on/st_george_brant/;St George Brant;st_george_brant
http://www.meetup.com/cities/ca/on/stirling/;Stirling;stirling
http://www.meetup.com/cities/ca/on/st_isidore/;St Isidore;st_isidore
http://www.meetup.com/cities/ca/on/stittsville/;Stittsville;stittsville
http://www.meetup.com/cities/ca/on/st_jacobs/;St Jacobs;st_jacobs
http://www.meetup.com/cities/ca/on/st_joachim/;St Joachim;st_joachim
http://www.meetup.com/cities/ca/on/st_marys/;St Marys;st_marys
http://www.meetup.com/cities/ca/on/stokes_bay/;Stokes Bay;stokes_bay
http://www.meetup.com/cities/ca/on/stonecliffe/;Stonecliffe;stonecliffe
http://www.meetup.com/cities/ca/on/stoney_creek/;Stoney Creek;stoney_creek
http://www.meetup.com/cities/ca/on/stouffville/;Stouffville;stouffville
http://www.meetup.com/cities/ca/on/st_pauls_station/;St Pauls Station;st_pauls_station
http://www.meetup.com/cities/ca/on/straffordville/;Straffordville;straffordville
http://www.meetup.com/cities/ca/on/stratford/;Stratford;stratford
http://www.meetup.com/cities/ca/on/strathroy/;Strathroy;strathroy
http://www.meetup.com/cities/ca/on/stratton/;Stratton;stratton
http://www.meetup.com/cities/ca/on/strickland/;Strickland;strickland
http://www.meetup.com/cities/ca/on/st_thomas/;St Thomas;st_thomas
http://www.meetup.com/cities/ca/on/sturgeon_falls/;Sturgeon Falls;sturgeon_falls
http://www.meetup.com/cities/ca/on/st_williams/;St Williams;st_williams
http://www.meetup.com/cities/ca/on/sudbury/;Sudbury;sudbury
http://www.meetup.com/cities/ca/on/sultan/;Sultan;sultan
http://www.meetup.com/cities/ca/on/summer_beaver/;Summer Beaver;summer_beaver
http://www.meetup.com/cities/ca/on/summerstown/;Summerstown;summerstown
http://www.meetup.com/cities/ca/on/sunderland/;Sunderland;sunderland
http://www.meetup.com/cities/ca/on/sundridge/;Sundridge;sundridge
http://www.meetup.com/cities/ca/on/sutton_west/;Sutton West;sutton_west
http://www.meetup.com/cities/ca/on/swastika/;Swastika;swastika
http://www.meetup.com/cities/ca/on/sydenham/;Sydenham;sydenham
http://www.meetup.com/cities/ca/on/talbotville_royal/;Talbotville Royal;talbotville_royal
http://www.meetup.com/cities/ca/on/tamworth/;Tamworth;tamworth
http://www.meetup.com/cities/ca/on/tara/;Tara;tara
http://www.meetup.com/cities/ca/on/tarzwell/;Tarzwell;tarzwell
http://www.meetup.com/cities/ca/on/tavistock/;Tavistock;tavistock
http://www.meetup.com/cities/ca/on/tecumseh/;Tecumseh;tecumseh
http://www.meetup.com/cities/ca/on/teeswater/;Teeswater;teeswater
http://www.meetup.com/cities/ca/on/teeterville/;Teeterville;teeterville
http://www.meetup.com/cities/ca/on/tehkummah/;Tehkummah;tehkummah
http://www.meetup.com/cities/ca/on/temagami/;Temagami;temagami
http://www.meetup.com/cities/ca/on/terrace_bay/;Terrace Bay;terrace_bay
http://www.meetup.com/cities/ca/on/terra_cotta/;Terra Cotta;terra_cotta
http://www.meetup.com/cities/ca/on/thamesford/;Thamesford;thamesford
http://www.meetup.com/cities/ca/on/thamesville/;Thamesville;thamesville
http://www.meetup.com/cities/ca/on/thedford/;Thedford;thedford
http://www.meetup.com/cities/ca/on/thessalon/;Thessalon;thessalon
http://www.meetup.com/cities/ca/on/thomasburg/;Thomasburg;thomasburg
http://www.meetup.com/cities/ca/on/thornbury/;Thornbury;thornbury
http://www.meetup.com/cities/ca/on/thorndale/;Thorndale;thorndale
http://www.meetup.com/cities/ca/on/thorne/;Thorne;thorne
http://www.meetup.com/cities/ca/on/thornhill/;Thornhill;thornhill
http://www.meetup.com/cities/ca/on/thornloe/;Thornloe;thornloe
http://www.meetup.com/cities/ca/on/thornton/;Thornton;thornton
http://www.meetup.com/cities/ca/on/thorold/;Thorold;thorold
http://www.meetup.com/cities/ca/on/thunder_bay/;Thunder Bay;thunder_bay
http://www.meetup.com/cities/ca/on/tichborne/;Tichborne;tichborne
http://www.meetup.com/cities/ca/on/tilbury/;Tilbury;tilbury
http://www.meetup.com/cities/ca/on/tilden_lake/;Tilden Lake;tilden_lake
http://www.meetup.com/cities/ca/on/tillsonburg/;Tillsonburg;tillsonburg
http://www.meetup.com/cities/ca/on/timmins/;Timmins;timmins
http://www.meetup.com/cities/ca/on/tiverton/;Tiverton;tiverton
http://www.meetup.com/cities/ca/on/tobermory/;Tobermory;tobermory
http://www.meetup.com/cities/ca/on/toledo/;Toledo;toledo
http://www.meetup.com/cities/ca/on/toronto/;Toronto;toronto
http://www.meetup.com/cities/ca/on/torrance/;Torrance;torrance
http://www.meetup.com/cities/ca/on/tory_hill/;Tory Hill;tory_hill
http://www.meetup.com/cities/ca/on/tottenham/;Tottenham;tottenham
http://www.meetup.com/cities/ca/on/townsend/;Townsend;townsend
http://www.meetup.com/cities/ca/on/trenton/;Trenton;trenton
http://www.meetup.com/cities/ca/on/trent_river/;Trent River;trent_river
http://www.meetup.com/cities/ca/on/trout_creek/;Trout Creek;trout_creek
http://www.meetup.com/cities/ca/on/troy/;Troy;troy
http://www.meetup.com/cities/ca/on/tunis/;Tunis;tunis
http://www.meetup.com/cities/ca/on/tupperville/;Tupperville;tupperville
http://www.meetup.com/cities/ca/on/turkey_point/;Turkey Point;turkey_point
http://www.meetup.com/cities/ca/on/tweed/;Tweed;tweed
http://www.meetup.com/cities/ca/on/udora/;Udora;udora
http://www.meetup.com/cities/ca/on/union/;Union;union
http://www.meetup.com/cities/ca/on/unionville/;Unionville;unionville
http://www.meetup.com/cities/ca/on/upper_canada_village/;Upper Canada Village;upper_canada_village
http://www.meetup.com/cities/ca/on/upsala/;Upsala;upsala
http://www.meetup.com/cities/ca/on/utopia/;Utopia;utopia
http://www.meetup.com/cities/ca/on/utterson/;Utterson;utterson
http://www.meetup.com/cities/ca/on/uxbridge/;Uxbridge;uxbridge
http://www.meetup.com/cities/ca/on/val_caron/;Val Caron;val_caron
http://www.meetup.com/cities/ca/on/val_cote/;Val Cote;val_cote
http://www.meetup.com/cities/ca/on/val_gagne/;Val Gagne;val_gagne
http://www.meetup.com/cities/ca/on/val_rita/;Val Rita;val_rita
http://www.meetup.com/cities/ca/on/val_therese/;Val Therese;val_therese
http://www.meetup.com/cities/ca/on/vanessa/;Vanessa;vanessa
http://www.meetup.com/cities/ca/on/vanier/;Vanier;vanier
http://www.meetup.com/cities/ca/on/vankleek_hill/;Vankleek Hill;vankleek_hill
http://www.meetup.com/cities/ca/on/varna/;Varna;varna
http://www.meetup.com/cities/ca/on/vars/;Vars;vars
http://www.meetup.com/cities/ca/on/vaughan/;Vaughan;vaughan
http://www.meetup.com/cities/ca/on/vermilion_bay/;Vermilion Bay;vermilion_bay
http://www.meetup.com/cities/ca/on/verner/;Verner;verner
http://www.meetup.com/cities/ca/on/vernon/;Vernon;vernon
http://www.meetup.com/cities/ca/on/verona/;Verona;verona
http://www.meetup.com/cities/ca/on/victoria_harbour/;Victoria Harbour;victoria_harbour
http://www.meetup.com/cities/ca/on/vienna/;Vienna;vienna
http://www.meetup.com/cities/ca/on/vineland/;Vineland;vineland
http://www.meetup.com/cities/ca/on/vineland_station/;Vineland Station;vineland_station
http://www.meetup.com/cities/ca/on/virgil/;Virgil;virgil
http://www.meetup.com/cities/ca/on/virginiatown/;Virginiatown;virginiatown
http://www.meetup.com/cities/ca/on/vittoria/;Vittoria;vittoria
http://www.meetup.com/cities/ca/on/wabigoon/;Wabigoon;wabigoon
http://www.meetup.com/cities/ca/on/wahnapitae/;Wahnapitae;wahnapitae
http://www.meetup.com/cities/ca/on/wainfleet/;Wainfleet;wainfleet
http://www.meetup.com/cities/ca/on/waldhof/;Waldhof;waldhof
http://www.meetup.com/cities/ca/on/walford_station/;Walford Station;walford_station
http://www.meetup.com/cities/ca/on/walkerton/;Walkerton;walkerton
http://www.meetup.com/cities/ca/on/wallaceburg/;Wallaceburg;wallaceburg
http://www.meetup.com/cities/ca/on/wallacetown/;Wallacetown;wallacetown
http://www.meetup.com/cities/ca/on/wallenstein/;Wallenstein;wallenstein
http://www.meetup.com/cities/ca/on/walsingham/;Walsingham;walsingham
http://www.meetup.com/cities/ca/on/walters_falls/;Walters Falls;walters_falls
http://www.meetup.com/cities/ca/on/walton/;Walton;walton
http://www.meetup.com/cities/ca/on/wardsville/;Wardsville;wardsville
http://www.meetup.com/cities/ca/on/warkworth/;Warkworth;warkworth
http://www.meetup.com/cities/ca/on/warminster/;Warminster;warminster
http://www.meetup.com/cities/ca/on/warren/;Warren;warren
http://www.meetup.com/cities/ca/on/warsaw/;Warsaw;warsaw
http://www.meetup.com/cities/ca/on/wasaga_beach/;Wasaga Beach;wasaga_beach
http://www.meetup.com/cities/ca/on/washago/;Washago;washago
http://www.meetup.com/cities/ca/on/waterdown/;Waterdown;waterdown
http://www.meetup.com/cities/ca/on/waterford/;Waterford;waterford
http://www.meetup.com/cities/ca/on/waterloo/;Waterloo;waterloo
http://www.meetup.com/cities/ca/on/watford/;Watford;watford
http://www.meetup.com/cities/ca/on/waubaushene/;Waubaushene;waubaushene
http://www.meetup.com/cities/ca/on/wawa/;Wawa;wawa
http://www.meetup.com/cities/ca/on/weagamow_lake/;Weagamow Lake;weagamow_lake
http://www.meetup.com/cities/ca/on/webbwood/;Webbwood;webbwood
http://www.meetup.com/cities/ca/on/webequie/;Webequie;webequie
http://www.meetup.com/cities/ca/on/welland/;Welland;welland
http://www.meetup.com/cities/ca/on/wellandport/;Wellandport;wellandport
http://www.meetup.com/cities/ca/on/wellesley/;Wellesley;wellesley
http://www.meetup.com/cities/ca/on/wellington/;Wellington;wellington
http://www.meetup.com/cities/ca/on/wendover/;Wendover;wendover
http://www.meetup.com/cities/ca/on/westbrook/;Westbrook;westbrook
http://www.meetup.com/cities/ca/on/west_flamborough/;West Flamborough;west_flamborough
http://www.meetup.com/cities/ca/on/west_guilford/;West Guilford;west_guilford
http://www.meetup.com/cities/ca/on/west_lorne/;West Lorne;west_lorne
http://www.meetup.com/cities/ca/on/westmeath/;Westmeath;westmeath
http://www.meetup.com/cities/ca/on/west_montrose/;West Montrose;west_montrose
http://www.meetup.com/cities/ca/on/westport/;Westport;westport
http://www.meetup.com/cities/ca/on/westwood/;Westwood;westwood
http://www.meetup.com/cities/ca/on/wheatley/;Wheatley;wheatley
http://www.meetup.com/cities/ca/on/whitby/;Whitby;whitby
http://www.meetup.com/cities/ca/on/whitedog/;Whitedog;whitedog
http://www.meetup.com/cities/ca/on/whitefish/;Whitefish;whitefish
http://www.meetup.com/cities/ca/on/whitefish_falls/;Whitefish Falls;whitefish_falls
http://www.meetup.com/cities/ca/on/white_lake/;White Lake;white_lake
http://www.meetup.com/cities/ca/on/white_river/;White River;white_river
http://www.meetup.com/cities/ca/on/whitevale/;Whitevale;whitevale
http://www.meetup.com/cities/ca/on/whitney/;Whitney;whitney
http://www.meetup.com/cities/ca/on/wiarton/;Wiarton;wiarton
http://www.meetup.com/cities/ca/on/wikwemikong/;Wikwemikong;wikwemikong
http://www.meetup.com/cities/ca/on/wilberforce/;Wilberforce;wilberforce
http://www.meetup.com/cities/ca/on/wilkesport/;Wilkesport;wilkesport
http://www.meetup.com/cities/ca/on/williamsburg/;Williamsburg;williamsburg
http://www.meetup.com/cities/ca/on/williamsford/;Williamsford;williamsford
http://www.meetup.com/cities/ca/on/williamstown/;Williamstown;williamstown
http://www.meetup.com/cities/ca/on/willow_beach/;Willow Beach;willow_beach
http://www.meetup.com/cities/ca/on/wilno/;Wilno;wilno
http://www.meetup.com/cities/ca/on/wilsonville/;Wilsonville;wilsonville
http://www.meetup.com/cities/ca/on/winchester/;Winchester;winchester
http://www.meetup.com/cities/ca/on/winchester_springs/;Winchester Springs;winchester_springs
http://www.meetup.com/cities/ca/on/windermere/;Windermere;windermere
http://www.meetup.com/cities/ca/on/windham_centre/;Windham Centre;windham_centre
http://www.meetup.com/cities/ca/on/windsor/;Windsor;windsor
http://www.meetup.com/cities/ca/on/wingham/;Wingham;wingham
http://www.meetup.com/cities/ca/on/wolfe_island/;Wolfe Island;wolfe_island
http://www.meetup.com/cities/ca/on/woodbridge/;Woodbridge;woodbridge
http://www.meetup.com/cities/ca/on/woodham/;Woodham;woodham
http://www.meetup.com/cities/ca/on/woodlawn/;Woodlawn;woodlawn
http://www.meetup.com/cities/ca/on/woodstock/;Woodstock;woodstock
http://www.meetup.com/cities/ca/on/woodview/;Woodview;woodview
http://www.meetup.com/cities/ca/on/woodville/;Woodville;woodville
http://www.meetup.com/cities/ca/on/wooler/;Wooler;wooler
http://www.meetup.com/cities/ca/on/worthington/;Worthington;worthington
http://www.meetup.com/cities/ca/on/wroxeter/;Wroxeter;wroxeter
http://www.meetup.com/cities/ca/on/wunnumin_lake/;Wunnumin Lake;wunnumin_lake
http://www.meetup.com/cities/ca/on/wyebridge/;Wyebridge;wyebridge
http://www.meetup.com/cities/ca/on/wyevale/;Wyevale;wyevale
http://www.meetup.com/cities/ca/on/wyoming/;Wyoming;wyoming
http://www.meetup.com/cities/ca/on/yarker/;Yarker;yarker
http://www.meetup.com/cities/ca/on/york/;York;york
http://www.meetup.com/cities/ca/on/youngs_point/;Youngs Point;youngs_point
http://www.meetup.com/cities/ca/on/z%C3%A9phyr/;Zéphyr;z%C3%A9phyr
http://www.meetup.com/cities/ca/on/zurich/;Zurich;zurich
